baseline	index_status	worktree_status	path_state	size_bytes	worktree_sha256	index_mode	index_blob	head_mode	head_blob	path
B1-20260723T141813Z-cd177d74	 	M	file	1781	647baec03aa5def43c14ff0ba3fc753ad9b02cb5eb7eb6aef2c53b9b2b8ef74b	100644	2bccc2e4a9a7024c136b324ce7320a9527e6ce08	100644	2bccc2e4a9a7024c136b324ce7320a9527e6ce08	.github/dependabot.yml
B1-20260723T141813Z-cd177d74	?	?	file	651	ce4342b82b4823a696b88a7cd6678af5967159c3fd6cb13e19a7bd5c9cfc57dd					.github/lighthouserc.json
B1-20260723T141813Z-cd177d74	 	M	file	5457	2db00da94ebfd493726abbb48700875402cf05507d51be69aa4a45f6424438b7	100644	a70c82fc7cd3ec5ab15c96b51f1ff3956d4f18f9	100644	a70c82fc7cd3ec5ab15c96b51f1ff3956d4f18f9	.github/workflows/py--tests.yml
B1-20260723T141813Z-cd177d74	 	M	file	2519	d4b24457af9c627df05d32036f9662488cfb98498cf6c51ff868d4f510261a9e	100644	0dea41af618a7f69bf6277f5698b73a29a66bc82	100644	0dea41af618a7f69bf6277f5698b73a29a66bc82	.github/workflows/repo--check.yml
B1-20260723T141813Z-cd177d74	 	M	file	4187	f79bb85a50d6c4d4b552fcc52a3d6b2d8cce94e0b577da03dd9400e77adae6b6	100644	b6078bd5fcdb4f7d22555c63ae2dec1e701de390	100644	b6078bd5fcdb4f7d22555c63ae2dec1e701de390	.github/workflows/repo--docs-check.yml
B1-20260723T141813Z-cd177d74	 	M	file	4066	b8cdec96b0d67ee9e028f355a15735875b998d91d9261a0043d1cd6daadc0ad8	100644	589e9dff936d1af624325cca79a2ecf6a60b4950	100644	589e9dff936d1af624325cca79a2ecf6a60b4950	.github/workflows/repo--docs-deploy.yml
B1-20260723T141813Z-cd177d74	?	?	file	3775	46b04bac3e6bfe4b6d5a84d341b7dabce9b50c56a83bdeb1b3d9d73b0fa18b0e					.github/workflows/repo--docs-external-links.yml
B1-20260723T141813Z-cd177d74	?	?	file	5369	71baf60b95e0074c9bdf5d142b6563ef402d16e9d613e49614fb99d77129f961					.github/workflows/repo--docs-lighthouse.yml
B1-20260723T141813Z-cd177d74	?	?	file	2068	15c7e0e32a1b0153d22b9fbfaf28b80ebcd1bab3d58fb64b2f98a11b1cdfd17f					.github/workflows/repo--docs-people.yml
B1-20260723T141813Z-cd177d74	?	?	file	6507	24066cac94dd6dfc2c5e2df02067ae1554c8d21244bf5ca8aba03b0b4380acf7					.github/workflows/repo--docs-release.yml
B1-20260723T141813Z-cd177d74	 	M	file	1774	4469dad8fa415590d18e330e6470654f4a2e9157f0f03df55d34f7e5e2908a15	100644	8898c2e29ef66e9cfb5fddadd3aae0fe3839fbdc	100644	8898c2e29ef66e9cfb5fddadd3aae0fe3839fbdc	.gitignore
B1-20260723T141813Z-cd177d74	 	M	file	38345	dd8eea00c1093b4b4157ee8912b8af732caa011ba3a69be57dca327a39ffdf79	100644	9754bade58b1099e116819f7391e3b10fc9d36ce	100644	9754bade58b1099e116819f7391e3b10fc9d36ce	CHANGELOG.md
B1-20260723T141813Z-cd177d74	 	M	file	17503	c72575e51099232ec9616aab5209515037602570427cfd2daccb2ef3d58762c6	100644	3d7bd4e9495a93c2492567f8f32fc1eba6b77ea6	100644	3d7bd4e9495a93c2492567f8f32fc1eba6b77ea6	README.md
B1-20260723T141813Z-cd177d74	?	?	file	2840	b0b380f065a8a338f5896da2ec4f014eb224f3a14059740e2ba54d3269dbb540					TODO/TODO.md
B1-20260723T141813Z-cd177d74	?	?	file	390243	5ca399971c834747dbcd0362fdfacb7409bdba7cdaa8aa09c3fd2f27609bc220					TODO/old_djccore_ddos.png
B1-20260723T141813Z-cd177d74	?	?	file	34331	80a54085215bb65464c7a9b5ddb4c9d43447de9f9daff7acd09294141a0d6ab6					TODO/project_status_june_2026.md
B1-20260723T141813Z-cd177d74	?	?	file	8589	a15b12136d2d85a88f4318cd96453c5a3745b7a69045b866cf3014c3eb2732e0					TODO/resume_notes_djc_citry.md
B1-20260723T141813Z-cd177d74	?	?	file	19772	4d404976ad8e82db7d5f91ad221f9a85914094044cd6bec980324bdcbd36d2b5					TODO/v2_jsx.md
B1-20260723T141813Z-cd177d74	 	M	file	11219	06c8852047476e60d689472f7756c661f631a61b2b1b817217eccadc9c31331b	100644	a0241b4d5be49af259cb4f7d3d39986f1baf85b4	100644	a0241b4d5be49af259cb4f7d3d39986f1baf85b4	benchmarks/README.md
B1-20260723T141813Z-cd177d74	?	?	file	17044	6b94bf943f7420662d468dc63d39397074843da1f92e23d05d9449c91e4fcc1d					benchmarks/client.py
B1-20260723T141813Z-cd177d74	?	?	file	7839	eb6cb8b0280a181591fbd9038ea79369fd5f6a2d6c318e9ff88c1260a38bb999					benchmarks/client_scenario.py
B1-20260723T141813Z-cd177d74	 	M	file	27702	a9c0b8d382e7d2f02d1d0325be8b28010755b564913475aedb27e86d2b39e306	100644	a7c72015caf59d0f42dd0ba3d12ea62ea2cdf273	100644	a7c72015caf59d0f42dd0ba3d12ea62ea2cdf273	crates/citry_template_parser/src/ast.rs
B1-20260723T141813Z-cd177d74	 	M	file	85433	50bb894c19f5746b28235695a194625f44232426c55fbff6dc589e1c04f65d2a	100644	743fb01bf013d876382fd0ffd237a7e299b41855	100644	743fb01bf013d876382fd0ffd237a7e299b41855	crates/citry_template_parser/src/compiler.rs
B1-20260723T141813Z-cd177d74	 	M	file	13288	5133e9132312b68c669cdcd461633fb9c2b2031cd77e0b49390571011340db82	100644	096dc0df991af0a039caf352a6df22ad517d5511	100644	096dc0df991af0a039caf352a6df22ad517d5511	crates/citry_template_parser/src/constants.rs
B1-20260723T141813Z-cd177d74	 	M	file	13579	86548e596e3bebc62b97380ca85fd617011fae1b43e6f848a6fc2b0fabf1eda1	100644	879b1a9fab006c2a158906f2544f002b096c1c1b	100644	879b1a9fab006c2a158906f2544f002b096c1c1b	crates/citry_template_parser/src/grammar.pest
B1-20260723T141813Z-cd177d74	 	M	file	1437	be213651909710e84e2bae2cb04b2f8963fe84b56e7c24f02e681d90d8fef4c8	100644	96d424766caf618c28aadf41a7117f4f0cbda0e6	100644	96d424766caf618c28aadf41a7117f4f0cbda0e6	crates/citry_template_parser/src/lib.rs
B1-20260723T141813Z-cd177d74	 	M	file	138163	86071ad014db5cb45e543fb7c25758b789423972adb90a70ba95b3efc93db0aa	100644	f79ec4556d60132139f6bf6dba0c854ebf6c33c9	100644	f79ec4556d60132139f6bf6dba0c854ebf6c33c9	crates/citry_template_parser/src/parser.rs
B1-20260723T141813Z-cd177d74	 	M	file	15249	8fdec3042c5a044ed90a487575bf3ff2067f1c9c9068eefaae5425de24f61215	100644	aa6791b8bb9aad8cbf02d945f140780771ba2f12	100644	aa6791b8bb9aad8cbf02d945f140780771ba2f12	crates/citry_template_parser/src/parser_context.rs
B1-20260723T141813Z-cd177d74	?	?	file	1689	ba711b966bf384f2f0e129b7a271450be953b9120bd931dd1772c1eb84f18e94					crates/citry_template_parser/src/utils/template_fragment.rs
B1-20260723T141813Z-cd177d74	 	M	file	14243	340d697c56b947f8b1509fbb933fef7d57813d9242bd8895211acec6778a79f2	100644	2386726c43918740b4d57bf90ef82656a7246e52	100644	2386726c43918740b4d57bf90ef82656a7246e52	crates/citry_template_parser/tests/common/mod.rs
B1-20260723T141813Z-cd177d74	?	?	file	8316	98b46e8683717d9e20236bef796a98c85cd60c1967984b89282cdb571b566975					crates/citry_template_parser/tests/tag_compiler_meta_attrs.rs
B1-20260723T141813Z-cd177d74	?	?	file	10887	f208294ef8fede873389ae2dcc300fde1a7a2b14d0ed76985d26c60d0ef2ca02					crates/citry_template_parser/tests/tag_parser_meta_attrs.rs
B1-20260723T141813Z-cd177d74	 	M	file	42645	29266257f2b9fb607dfff6e10337921c18b78d72d19a480606dc2a0e38d1eb9b	100644	f3f5eedfc5ccf57af51be4f65e38836c62740f34	100644	f3f5eedfc5ccf57af51be4f65e38836c62740f34	docs/codebase.md
B1-20260723T141813Z-cd177d74	?	?	file	58225	082c8a1e08c121a097834e2f0839170fbb09643fc6bc6ed2b84498ae935a46c7					docs/design/alpinejs.md
B1-20260723T141813Z-cd177d74	?	?	file	7098	28faa9b800dd4f8de2f0adb1ecdee85184aa14329945ca191951df3e3ecf05b1					docs/design/alpinejs/README.md
B1-20260723T141813Z-cd177d74	?	?	file	5839	b612253ed6817b401e0a58aec21fd4d9ce88fd15567c96a4c3d600fe3269f2d5					docs/design/alpinejs/a10_conformance.md
B1-20260723T141813Z-cd177d74	?	?	file	6433	f7dc9046984b6ffd66747e71c669d72dbb43b9d2fe80665712883fec17b0033d					docs/design/alpinejs/a10_performance.md
B1-20260723T141813Z-cd177d74	?	?	file	11287	54c180945cfa638d8e4ca3d7578139d8a787dc967735f77d699d70cea046c880					docs/design/alpinejs/a1_server_ownership.md
B1-20260723T141813Z-cd177d74	?	?	file	10074	d60fd8acef6ac5dc26b40f1577b2aaf20c816d5b65c46164456749b15a6dc3fb					docs/design/alpinejs/a2_client_graph.md
B1-20260723T141813Z-cd177d74	?	?	file	4674	8baf7b2f706f8fbb7ed73550de1664a5d202dbbdea184f8b4f92db29dfb9ca28					docs/design/alpinejs/a9_client_instantiation.md
B1-20260723T141813Z-cd177d74	?	?	file	22916	bcd7390633e8153d128c44f7bb3aa22f7817458cda90621cb7ba796d97de69a6					docs/design/alpinejs/alpine-ecosystem-2026.md
B1-20260723T141813Z-cd177d74	?	?	file	21581	8b295afa75857c5e7f2d39daf659960fc1990f11c6a82105b958b6cf8ac84712					docs/design/alpinejs/alpine-vuetify-audit.md
B1-20260723T141813Z-cd177d74	?	?	file	16317	9d21e23c1b40133f1509e25bb8c38b7aeb10eaa27d91404dd599edb3ea1313d2					docs/design/alpinejs/alpine-workproject-audit.md
B1-20260723T141813Z-cd177d74	?	?	file	22439	2fc02d58b43c9eb4d5a023ee48b255416105ed38061161653fc4a77abde5bfc8					docs/design/alpinejs/component_first_adapter.js
B1-20260723T141813Z-cd177d74	?	?	file	7580	47b1444cd7b3600fb498fa7aea45a826f1260ed501685de1f858c7a74c5eca4b					docs/design/alpinejs/component_first_comparison_harness.py
B1-20260723T141813Z-cd177d74	?	?	file	3060	2637cac27fa505ee38769eed57a6057cb0442dfd41dc20c95db4c0a7c225bcdf					docs/design/alpinejs/component_first_comparison_scenarios.js
B1-20260723T141813Z-cd177d74	?	?	file	16513	d7a6df2a15b919552ff5f0bdede335e64bccd0f1e2c6f488ac24f10e199e1056					docs/design/alpinejs/component_first_harness.py
B1-20260723T141813Z-cd177d74	?	?	file	5121	45a74c36aa6e751c0508025768401dd3b3a8838dc95774bcb54ff0c5f13382b1					docs/design/alpinejs/component_first_scaling_harness.py
B1-20260723T141813Z-cd177d74	?	?	file	11199	6017ba3f7022891ee8cc76e95609db38fa42bc1e946948c5cc3fdb4affa0dfcf					docs/design/alpinejs/component_first_scenarios.js
B1-20260723T141813Z-cd177d74	?	?	file	15195	ad56d6d1137dfa6a2ffc622b8f6cb89fe57623c055357b0235cf0627d2c23282					docs/design/alpinejs/component_first_server_ownership_findings.md
B1-20260723T141813Z-cd177d74	?	?	file	27860	d0942c001738bb7ce863f396bfafa7f0ec3a050d192e3fba16c077b548e63d23					docs/design/alpinejs/component_first_server_ownership_harness.py
B1-20260723T141813Z-cd177d74	?	?	file	8400	833b5b4fd97e6d6b4d38f06275a7cf3dd8b7c6ef855b558e78ed90bca9df07f1					docs/design/alpinejs/component_first_syntax_browser.py
B1-20260723T141813Z-cd177d74	?	?	file	10729	912277b714ffd00fe1c659a27be8cdd9b11dab99c91cf183eda98ee830ca221e					docs/design/alpinejs/component_first_syntax_report.md
B1-20260723T141813Z-cd177d74	?	?	file	9384	4d60e98ba7d3a51f7c58f4c5e667c9b47d9a9d18be5fec462ab9ddbdf059181e					docs/design/alpinejs/component_first_syntax_scenarios.js
B1-20260723T141813Z-cd177d74	?	?	file	8894	370d8d380778950de3c3c6cbfc5199060d8225e997e8802cdc357f4b595f8dd7					docs/design/alpinejs/component_first_syntax_server.py
B1-20260723T141813Z-cd177d74	?	?	file	10724	d0fe1938404ba3d5d0cb14d166d07f834d75330ac75db1b62aa96c7fb2ba3d05					docs/design/alpinejs/component_first_vertical_harness.py
B1-20260723T141813Z-cd177d74	?	?	file	2886	81ad25d859f12f0bc00dcf5b73d3f4b0da883045d695dbc41830ac33e0d0d55d					docs/design/alpinejs/component_first_vertical_scenarios.js
B1-20260723T141813Z-cd177d74	?	?	file	101549	6d03f75385ebaf8daffbf3ec84a728875aa214bc6dbcfc47e5b6980a5d131ccb					docs/design/alpinejs/exploration-alpine-component-first.md
B1-20260723T141813Z-cd177d74	?	?	file	37419	9db8680413aff5093f5d912cad4553143eddd79ba46f181fdcff309ee023d449					docs/design/alpinejs/exploration-client-props-passing.md
B1-20260723T141813Z-cd177d74	?	?	file	40347	c3a3f45276bc615ab34100adf4a7d60a286cd63e3c788a1939905928f65c05a7					docs/design/alpinejs/exploration-slots-alpine-scope.md
B1-20260723T141813Z-cd177d74	?	?	file	78471	efc63aaf9d0391a289615f60873115e91a52b29ded873964f4ea76b3fdeb5072					docs/design/alpinejs/exploration-x-props-round-2.md
B1-20260723T141813Z-cd177d74	?	?	file	5206	52eabdd9b3d71f3d3895dbeb569896f59e2e69feb888f496b24fac77f74cc305					docs/design/alpinejs/refs_relay_adapter.js
B1-20260723T141813Z-cd177d74	?	?	file	8905	b85cb3c5d0193c01c1e23f423d3f266ffcd936c0d1aa963fb4a2db65e7014b4d					docs/design/alpinejs/refs_relay_harness.py
B1-20260723T141813Z-cd177d74	?	?	file	19090	c5f8876bff69ce0a3ae224fc5e6bb3d7f1c9ef2ee73e4337ee3fd2dff7182970					docs/design/alpinejs/refs_relay_scenarios.js
B1-20260723T141813Z-cd177d74	?	?	file	15558	ae2f5abc7aee4c542a5c645fd7a3cfaa3fcaa362b0f998317a9faa3b35e55ce7					docs/design/alpinejs/root_group_adapter.js
B1-20260723T141813Z-cd177d74	?	?	file	9202	5dba3129ca4481acfe5d30f3d3b4cee63d922dcb28fd6252f0b002bef51fba79					docs/design/alpinejs/root_group_harness.py
B1-20260723T141813Z-cd177d74	?	?	file	21888	26d4084584da6604d3995e244b42fd1a72d85d7d1da521d28ac086d2a047b0b3					docs/design/alpinejs/root_group_scenarios.js
B1-20260723T141813Z-cd177d74	?	?	file	20742	f00709c6eefccd074abf280796a74d32f8c225edf7fdd5aac8c455b62aea03f6					docs/design/alpinejs/rootless_lifecycle_adapter.js
B1-20260723T141813Z-cd177d74	?	?	file	11548	cf48163c4aff75d3fb662a349b4fdeb590269958ed1fbf09f31700948fc7194b					docs/design/alpinejs/rootless_lifecycle_harness.py
B1-20260723T141813Z-cd177d74	?	?	file	25914	ec733e6b3a849aa026eb01ec285d20208f085a1df1d187ad95ffc2dee27ea025					docs/design/alpinejs/rootless_lifecycle_scenarios.js
B1-20260723T141813Z-cd177d74	?	?	file	10517	2514803bb66f5bab5e7082107debbd69034cfa7412af31d79a06c0036905b717					docs/design/alpinejs/slots_scope_adapter.js
B1-20260723T141813Z-cd177d74	?	?	file	26461	a11e170d1e14748ce8889ab8eff557d46c1ce1d5bb44bebc4ec847d0f832a5a0					docs/design/alpinejs/slots_scope_harness.py
B1-20260723T141813Z-cd177d74	?	?	file	17954	6dc542a3f24a85033778f713fbd4e1566d639f7fdb6b09edb575317de562175c					docs/design/alpinejs/slots_scope_scenarios.js
B1-20260723T141813Z-cd177d74	?	?	file	6382	1970e87edd143fb485427518bc9231d8e5199ecd56feddc05f991e5a6a792f37					docs/design/alpinejs/slots_scope_server_harness.py
B1-20260723T141813Z-cd177d74	?	?	file	17714	7e2055895736c412d13576661eba4f2e67f0d15cb00b8112d3f8ba9fbcfb7c8c					docs/design/alpinejs/spike-citry-handler-refs.md
B1-20260723T141813Z-cd177d74	?	?	file	29570	9d880b5baa57bf2d8d9237ddccda5c60be46707111fdddcb08c83bf873a402f0					docs/design/alpinejs/spike-component-identity.md
B1-20260723T141813Z-cd177d74	?	?	file	23690	da003d85daae1872fa477668ea78b78cfadc2eeb6f8d20a332b9e120a0623ff5					docs/design/alpinejs/spike-keyed-morph.md
B1-20260723T141813Z-cd177d74	?	?	file	23885	8197ebba565c5b9cc7cd2d6d16300320029c46fa461e3c668b8d800d1e780041					docs/design/alpinejs/spike-morph-alpine.md
B1-20260723T141813Z-cd177d74	?	?	file	14489	3727d3f9f90f33216a82dcbe501c3e17a4525dec501e0cc8862c0c8d2e82202a					docs/design/alpinejs/spike-root-group.md
B1-20260723T141813Z-cd177d74	?	?	file	20564	2abf513fe8df40d59b22ca51819a347b3840e86ab87708da1d81ff48a89b98b2					docs/design/alpinejs/spike-rootless-lifecycle.md
B1-20260723T141813Z-cd177d74	?	?	file	5619	4c152252390425cfcff72a5abb3100b95c03363be7f1382e59dd1cc97e4d1831					docs/design/alpinejs/xprops_round_two_harness.py
B1-20260723T141813Z-cd177d74	?	?	file	47626	4c1234ae9a1f2b11550fcb4b75f55c726ebd3883c0841d558153a0f02f58c455					docs/design/alpinejs_plan.md
B1-20260723T141813Z-cd177d74	?	?	file	76255	43da6507edb3093f36b1e8e6907dc257d44d60a8a100f72682a4931d6c98ae9e					docs/design/asset_compiler.md
B1-20260723T141813Z-cd177d74	?	?	file	28730	97d3bc1d8ee240c6e718fb4da472caed6bc7d4e67a7cb299bc25d52701dc9fde					docs/design/asset_compiler_plan.md
B1-20260723T141813Z-cd177d74	 	M	file	33308	3718ee32eb525a5e85273f5fb75052c9e94ead4c686cfc155180ed1f92b26378	100644	de1981c923e158de90648e1484dcf46a6617f0b3	100644	de1981c923e158de90648e1484dcf46a6617f0b3	docs/design/asset_loading.md
B1-20260723T141813Z-cd177d74	 	M	file	53458	32c8def71b59a519e06e0606cb6878369f388e6cef52e98864e574c784886e95	100644	659ec12fc11c26e35464038171c67c211800937c	100644	659ec12fc11c26e35464038171c67c211800937c	docs/design/benchmarking.md
B1-20260723T141813Z-cd177d74	?	?	file	67491	6be7007840eaacb0234f900a70ac1d04fb87d910107c6c7c8f983b01be8ed2b3					docs/design/caching.md
B1-20260723T141813Z-cd177d74	 	M	file	165625	4b57ee8ec34288e33baf386fcf942b06a5c577f7ecf360cb20c0f6272d174a3b	100644	7d84474a7f6e5ffc025026fad4a42aad552c1a57	100644	7d84474a7f6e5ffc025026fad4a42aad552c1a57	docs/design/migration_djc.md
B1-20260723T141813Z-cd177d74	 	M	file	271871	193b49e03ef713bce3aedbe3cf8af32c80d5b52376f3230997aa8c2ad04a30c9	100644	86eb40ffd335d324293a91ce0ecdb3b3db333934	100644	86eb40ffd335d324293a91ce0ecdb3b3db333934	docs/design/migration_djc_tests.md
B1-20260723T141813Z-cd177d74	?	?	file	16476	513e070fe67947c5c70c73717ebe807ad1b4ebaea48371752735279241e7050d					docs/design/component_initialization.md
B1-20260723T141813Z-cd177d74	?	?	file	53600	9b106f0fdf4def94d62b2a10a8d9245df01c8d89f4d95ba86ac12f797320994b					docs/design/component_introspection.md
B1-20260723T141813Z-cd177d74	?	?	file	2581	571e7799315ffeeb72d070ad5fef7483fe777243119020cf949b7f109f27f2f6					docs/design/component_publishing.md
B1-20260723T141813Z-cd177d74	?	?	file	10077	4c2713fbd58269482b8f524473bff09d4dddc7cf32ad90e8a0cdb5ff9a39e565					docs/design/component_tracing.md
B1-20260723T141813Z-cd177d74	 	M	file	47770	cb350dcc858f3504316cb4eea3f03f4574bebaeddf25eff2eb9308c973e87384	100644	0bbb8eb05436d2dc07340639be26c43ba7b0bb11	100644	0bbb8eb05436d2dc07340639be26c43ba7b0bb11	docs/design/component_constness.md
B1-20260723T141813Z-cd177d74	 	M	file	26222	e4c363263985a4a9a816b45ce709ef4dd6add1265dc473eccd914ee8a3df0f61	100644	dbd42f8aea7b5150d0ce86d92d0b65859616cea9	100644	dbd42f8aea7b5150d0ce86d92d0b65859616cea9	docs/design/component_rendering_defer.md
B1-20260723T141813Z-cd177d74	 	M	file	55406	1a95c3ec31008f37303d0fbb4271d8a47ed43d2b6fce833d8cacfe49d3ea5334	100644	e22ec57ecac1d231645fda8f6b1e6dd791c9c965	100644	e22ec57ecac1d231645fda8f6b1e6dd791c9c965	docs/design/dependencies.md
B1-20260723T141813Z-cd177d74	?	?	file	47855	d2f119301f82c33cde8cc7ff7ad586dd63615ae349d032bfb57016ed419d503c					docs/design/docs_site.md
B1-20260723T141813Z-cd177d74	?	?	file	26079	622213d979f7bb6a8711353eb7f1a9ec979d375097e89ba00430d666017c36a0					docs/design/docs_site_content_port_audit.md
B1-20260723T141813Z-cd177d74	?	?	file	90567	ca21be59b6c42e83ac1e0515ac972eb9b02b255b12c46b21c2b932dc533ac620					docs/design/docs_site_feature_inventory.md
B1-20260723T141813Z-cd177d74	?	?	file	71702	d1abf9df8c1460038d528a8547e385c335073080cd779fd9a89b3d774a8b3186					docs/design/docs_site_parity_audit.md
B1-20260723T141813Z-cd177d74	 	M	file	40308	0f0ae0d1ab1cf62edc2c4a340ab0a91662713f3a7e78ec7f5bee47060616ca46	100644	b787ef571b2cda549cc422a308703a6466652a24	100644	b787ef571b2cda549cc422a308703a6466652a24	docs/design/component_dynamic.md
B1-20260723T141813Z-cd177d74	?	?	file	14102	cb2dc2b7371cd5a6410772f646cfe0851f543c7e5714d952037717bd8f8d3dda					docs/design/esm.md
B1-20260723T141813Z-cd177d74	 	M	file	296410	4473d80429dd4f25098b43155375992aaceca5c9804456ee6d2de0283aec65cd	100644	be9054ed12301a4a7fc748c22ad2bc1af5bcb8b7	100644	be9054ed12301a4a7fc748c22ad2bc1af5bcb8b7	docs/design/events.md
B1-20260723T141813Z-cd177d74	 	M	file	171883	126ed981650f4c45080a617fdae8081b9889b336281dad087249c7a7d5547502	100644	1986eee3de8f3389f91aa84c3a2be50dd41df325	100644	1986eee3de8f3389f91aa84c3a2be50dd41df325	docs/design/events_plan.md
B1-20260723T141813Z-cd177d74	?	?	file	11997	3c72249da3024cbe8117f3a369f150fc26ff6f4b9111a07b2121fc955bab445d					docs/design/events_research/README.md
B1-20260723T141813Z-cd177d74	?	?	file	41029	036aaf9b869b73653805b1de933969303ff28e491d32a9c8a86eaf81d1cc1de1					docs/design/events_research/actions-semantics-report.md
B1-20260723T141813Z-cd177d74	?	?	file	56049	9e2adfc980e1720191d076a2dfe12cf6d31bb1d4d03be2ff11dde138933bb20d					docs/design/events_research/analysis-nested-anchor-continuity.md
B1-20260723T141813Z-cd177d74	?	?	file	76805	9b178a4775239d75065ceee43a2ed245aa5ba94e39f25d4bd54c9de0f12f8921					docs/design/events_research/analysis-target-other-renders.md
B1-20260723T141813Z-cd177d74	?	?	file	22028	9ace1aee5d17c2ef98eb65ad32b94a0e97088644468f200d83fbac036115ddb1					docs/design/events_research/audit-chunk-1.md
B1-20260723T141813Z-cd177d74	?	?	file	18959	1471350fcdce7a2ea0dd6140b0481fef399e660d505b2257ac391058ed569c35					docs/design/events_research/audit-chunk-2.md
B1-20260723T141813Z-cd177d74	?	?	file	21952	650eeb291046b2a903287bb11f20be8343c6caab2549d0d31d7f4cc722a606e8					docs/design/events_research/audit-chunk-3.md
B1-20260723T141813Z-cd177d74	?	?	file	21211	b9f83888b91e6209db3e3af7c53d32a17f1489c20804fd615c6867c4f7ac286e					docs/design/events_research/audit-chunk-4.md
B1-20260723T141813Z-cd177d74	?	?	file	9917	d21eab1f52dd895aeea27f96dfb7f3fda450a38c0e8281d0343e29986486c426					docs/design/events_research/audit-context.md
B1-20260723T141813Z-cd177d74	?	?	file	55533	3e53d4f4041934871834a4f75abe37f0e2ee806e805e06427695f76833d62c7e					docs/design/events_research/binding-models-report.md
B1-20260723T141813Z-cd177d74	?	?	file	57290	577f8e0a9604c577543cfab0dca377df09c7dcd8126258426a3504e0ff33c163					docs/design/events_research/design-A-dx-first.md
B1-20260723T141813Z-cd177d74	?	?	file	78259	68a8888c5291d9110d7fdc7b0c1618832d53d0e88b2f961768efcb9960cb3ad5					docs/design/events_research/design-B-contract-first.md
B1-20260723T141813Z-cd177d74	?	?	file	54935	493986bf3130ff2bbb49e1f93e1bf40ddf65115845f42c8de3bb881084fc1c34					docs/design/events_research/design-C-supersede-first.md
B1-20260723T141813Z-cd177d74	?	?	file	19491	d9e2878a7f27c8be563757a90e59263ffaf38dc90955a61f08191c52f9f8489d					docs/design/events_research/judge-1-practicality.md
B1-20260723T141813Z-cd177d74	?	?	file	19696	bc70ebc3ad2e83ee65bea7ff3bea4e9c4832c5e81d450db78a545e85b8fbd1e3					docs/design/events_research/judge-2-user.md
B1-20260723T141813Z-cd177d74	?	?	file	22837	74ff2f3efa354966b05031b89462491fff46ed10f3c385115bc81f6aac788bb1					docs/design/events_research/recon-citry-extensions.md
B1-20260723T141813Z-cd177d74	?	?	file	21476	4f6eb2fa7caeffc8b281e2daf7455c0549dffe7b7c59c5014dc19ad14cd74154					docs/design/events_research/recon-citry-history.md
B1-20260723T141813Z-cd177d74	?	?	file	24650	d807d227d3c7359b8c6a9439b8fa458e951291fba8d22adcbec13707fadbba8a					docs/design/events_research/recon-ecosystem.md
B1-20260723T141813Z-cd177d74	?	?	file	17577	d73e9e42e323ec5fed41e6e0630dcdf237fed2468d9aaf14af8a399fde9eea6b					docs/design/events_research/recon-js-runtime.md
B1-20260723T141813Z-cd177d74	?	?	file	20818	183562d34957672de9e8f5eb8951403237575b47c3af94a6c9727b87106667d7					docs/design/events_research/recon-livecomponents.md
B1-20260723T141813Z-cd177d74	?	?	file	27520	eac09037389b410d8674bc2d87389403133851e684de268b64ade57642864003					docs/design/events_research/recon-old-djc.md
B1-20260723T141813Z-cd177d74	?	?	file	20410	800ded22b23110cd99126e781bd52726c4ea0cf4679e92d8a158b0d82d805001					docs/design/events_research/recon-tetra.md
B1-20260723T141813Z-cd177d74	?	?	file	23336	8b27e9933b3ecd3efc2fbe72797d2016b7dabb15cf4f651f8c7d478d0d962395					docs/design/events_research/recon-unicorn.md
B1-20260723T141813Z-cd177d74	?	?	file	70244	7a6458cd8c799289689faa08369ca97daf44f02d746c077319a0219ab364de72					docs/design/events_research/research-rerender-preservation-and-concurrency.md
B1-20260723T141813Z-cd177d74	?	?	file	20433	71a4525ccc546ffda99e2ff1d4437cd8fbd81e1f5a391df282b4ed34a71388af					docs/design/events_research/typing-lab-report.md
B1-20260723T141813Z-cd177d74	 	D	missing		missing	100644	30329ca425712711f3d6349b08ba9c9662a105eb	100644	30329ca425712711f3d6349b08ba9c9662a105eb	docs/design/extension_commands.md
B1-20260723T141813Z-cd177d74	 	M	file	30974	cd2e561aa347e1ca907e4d11c9f2cd5b95fb107e279a5f12ff92c780c12c153a	100644	1f2313f570dc580a24edb174f0a0c0e7b1a242aa	100644	1f2313f570dc580a24edb174f0a0c0e7b1a242aa	docs/design/extensions.md
B1-20260723T141813Z-cd177d74	?	?	file	23553	901c1e12814599a833729fbcfcbcdfae71f1c637656641d2fc65c12867dd8663					docs/design/extensions_commands.md
B1-20260723T141813Z-cd177d74	?	?	file	14327	d6a3d62ee2e837206ddd909669c990cb165e8e24ef2c5e19809997e119934d9e					docs/design/extensions_debug.md
B1-20260723T141813Z-cd177d74	?	?	file	11560	249270a4c9ab8bd0464cc81e5af5e14b9c63b912a7085483fdaf017352a9a20d					docs/design/extensions_roadmap.md
B1-20260723T141813Z-cd177d74	 	M	file	22393	10b80b8d4b00b969f526ecc8240b25246d37562cba64e51bdf3097c098815439	100644	03816e45fddda851208af9a0077bffd33ab48e34	100644	03816e45fddda851208af9a0077bffd33ab48e34	docs/design/template_grammar.md
B1-20260723T141813Z-cd177d74	 	M	file	26557	e980d6b19eed5994468a6235f2120e31a053775d889a3f242f5494b8bc9dbe10	100644	9d3ffb72c427eea1e491c852d722606570bcf727	100644	9d3ffb72c427eea1e491c852d722606570bcf727	docs/design/hot_reload.md
B1-20260723T141813Z-cd177d74	 	M	file	29183	aa38faefed88f53d0702aea54c86c61f995633b751d5be830914f3218e4e5ccb	100644	231d1f8e930b4ebaef694f221f9cb9bb3d6aa6e8	100644	231d1f8e930b4ebaef694f221f9cb9bb3d6aa6e8	docs/design/template_html_attrs.md
B1-20260723T141813Z-cd177d74	?	?	file	58877	b933301627f51641c633ad8a76a87dc3ed41d306b4db4e1248e230eafc2d4778					docs/design/ide_integration.md
B1-20260723T141813Z-cd177d74	?	?	file	3272	7c044ddfd0c8d827be6ac5ecf86137dc41283963edcae0d9a38d0bc126043551					docs/design/ide_research/README.md
B1-20260723T141813Z-cd177d74	?	?	file	31371	2f6eb8cf59b2ff6d7cb0d2af1b831f4b167a3a89e642fbb2847ec4e8a4c843fc					docs/design/ide_research/design-A-ship-first.md
B1-20260723T141813Z-cd177d74	?	?	file	39994	6d08aac3c71beb070e56259487cb54e93cbece5c29519420fbeaf98406a8743b					docs/design/ide_research/design-B-platform-first.md
B1-20260723T141813Z-cd177d74	?	?	file	44591	b575f4fc54efe4e0fc22bb4f329b103e9b0e168843f711b9bb4bd69c375e3ffa					docs/design/ide_research/design-C-ecosystem-first.md
B1-20260723T141813Z-cd177d74	?	?	file	32762	4a733549a05712268ca08fdc2c3b57700385a57f8d8e5ed8f10dccbfb2cb04fd					docs/design/ide_research/judge-1-maintainer-cost.md
B1-20260723T141813Z-cd177d74	?	?	file	27720	69cd82b5b7951cbaa2c925cdc41ca31631976b6caea6a077e80fac630fbdc4fa					docs/design/ide_research/judge-2-user-experience.md
B1-20260723T141813Z-cd177d74	?	?	file	29514	668048771dea80619cc43454220c9d7530c7865a1bcd144242ca6eb7994fffaf					docs/design/ide_research/recon-citry-tooling-surface.md
B1-20260723T141813Z-cd177d74	?	?	file	32216	836859ea0d43c55164d200377014af537bf97605cbabaf910d15e08c4e698da5					docs/design/ide_research/recon-framework-tooling-field.md
B1-20260723T141813Z-cd177d74	?	?	file	36868	1983d21455b189428171acab5de79ad9c07c637418341621bd0aaffc63467daf					docs/design/ide_research/recon-lsp-architectures.md
B1-20260723T141813Z-cd177d74	?	?	file	31413	f840161cfca96abbd4fc96b4b1d01010db3e58794a2e2249c08e54201823db19					docs/design/ide_research/recon-python-template-tooling.md
B1-20260723T141813Z-cd177d74	?	?	file	33294	e39bca5eac851a1b4d0422c75397d87c35cef08304676e548a4ec292417ef0b4					docs/design/ide_research/recon-vue-tooling.md
B1-20260723T141813Z-cd177d74	 	M	file	44554	d0c6cdbbf836c17a53067828960e7b047ffd0b206e214cdd113655cd6d53d100	100644	2f4e11c338c9655f9d1a0dea89bd8de9272453d4	100644	2f4e11c338c9655f9d1a0dea89bd8de9272453d4	docs/design/performance.md
B1-20260723T141813Z-cd177d74	 	M	file	19000	f3feb23ee53366a61d1f6419124d9c4f294895cefa96fb6dd77f307d39eaccc0	100644	05a819be8ddef0db70c99ef03083e2a1a04259f0	100644	05a819be8ddef0db70c99ef03083e2a1a04259f0	docs/design/component_provide.md
B1-20260723T141813Z-cd177d74	 	M	file	16793	7169cb7286816f36b1d3014f134e133da19a197b496b9c5a00448ee8d2b3fa50	100644	52239674ba8fea480ca3b6f49c959603cf97f4c8	100644	52239674ba8fea480ca3b6f49c959603cf97f4c8	docs/design/pygments_citry.md
B1-20260723T141813Z-cd177d74	 	M	file	18310	a1ce9894b99d896739f599d9d77df1506d5b20e5ed053de1896cd2b2f007ceb5	100644	8c0fb6fe15909affec8e758e103726c97c6d4960	100644	8c0fb6fe15909affec8e758e103726c97c6d4960	docs/design/component_rendering.md
B1-20260723T141813Z-cd177d74	 	M	file	51823	ef056449dd7deecf234d03bc95eea48d421ed2e76f900b28130041385c7ac185	100644	19d4ac1d77e3410ec6a5761b2eadfc944178a4ef	100644	19d4ac1d77e3410ec6a5761b2eadfc944178a4ef	docs/design/component_slots.md
B1-20260723T141813Z-cd177d74	 	M	file	36150	df9f9c0388277f29b321a826c9f51250dc67094204d91b8947d8100c58d421f8	100644	5bc1738ee37b9998ab11a0e16783d464d531b91b	100644	5bc1738ee37b9998ab11a0e16783d464d531b91b	docs/design/source_languages.md
B1-20260723T141813Z-cd177d74	?	?	file	17821	0e72aa6771ab409f99d5d017edccd0c56e19f753abc5f78089c377ffaab9d27d					docs/design/ui_library_plan.md
B1-20260723T141813Z-cd177d74	?	?	file	2717	6199546b65e965326bc9f94385d85747591dfc7e1e5ca23611e1d0dc29d7f467					docs/design/ui_research/README.md
B1-20260723T141813Z-cd177d74	?	?	file	39179	0cfa287403b8b79fc278560e2cdb476c60f1a9ea995d8910baf5fc59da641923					docs/design/ui_research/architecture-options.md
B1-20260723T141813Z-cd177d74	?	?	file	26734	b77b343df25e2a8294e7f0395d0f5ca45927367741b6cbf69dde9de97b393eb9					docs/design/ui_research/candidate-map.md
B1-20260723T141813Z-cd177d74	?	?	file	11166	cedb748149b91987af6f240b545a4ec845a069ccd9b1791d90ad8240f8376b01					docs/design/ui_research/citry-baseline.md
B1-20260723T141813Z-cd177d74	?	?	file	28843	fdd117e2c6863be2000f662cef2976f87a391529322539b071c1d62fc480ad7d					docs/design/ui_research/citry-fit-matrix.md
B1-20260723T141813Z-cd177d74	?	?	file	15876	d52c096f818e370c219812d63f0cbf34556b242985529adc8e96a3c480951fdd					docs/design/ui_research/complaint-register.md
B1-20260723T141813Z-cd177d74	?	?	file	36741	4c7034095667fea9298f2f397a3e74fc2093a772e505ea91249815d52b80982a					docs/design/ui_research/component-taxonomy.md
B1-20260723T141813Z-cd177d74	?	?	file	38698	176fb0a96b2e05c3283440c2604afa7f332fcfd906a30283ec6d2c153db4f3a9					docs/design/ui_research/customization-patterns.md
B1-20260723T141813Z-cd177d74	?	?	file	33853	8f662358ec03ac67a529019d14ccd21cf72149066bc9e36ffd4c1e4beda710de					docs/design/ui_research/local-prior-art.md
B1-20260723T141813Z-cd177d74	?	?	file	14117	18cde0d685b6c5c1439febafc7f09e98f6bfef9d32481dd97439032871f400ed					docs/design/ui_research/product-charter.md
B1-20260723T141813Z-cd177d74	?	?	file	20380	433f4d9642f313965c74bd325bdf8da85805c8164fe321474710aaf46c76f865					docs/design/ui_research/quality-test-strategy.md
B1-20260723T141813Z-cd177d74	?	?	file	29151	2b2a3d19e4b6e38e10bc44dd7eeecfde6a38e39a00ffc1b968fa952ec7ce62cd					docs/design/ui_research/recon-ant-design.md
B1-20260723T141813Z-cd177d74	?	?	file	27452	6a56e32f9b72c12937b29ecebca9aa2ffd54b950b5474b5857fc7531ed96c0d2					docs/design/ui_research/recon-base-shadcn.md
B1-20260723T141813Z-cd177d74	?	?	file	19083	93689118f592581f8d5da59f035ea244f0704eddd3b93a48220d36ef22734bff					docs/design/ui_research/recon-bootstrap.md
B1-20260723T141813Z-cd177d74	?	?	file	32195	88736b8e0ef8d0ddbe7f5809a72ae8b8ae2ed703ddaed8d3e5ee81bb4bd0ec26					docs/design/ui_research/recon-chakra-ark-zag.md
B1-20260723T141813Z-cd177d74	?	?	file	22331	bbefa83ddb75c0f1b95f3e4467a4f15b7c8d75c8bea8d7a69851a245042a704c					docs/design/ui_research/recon-django-formset.md
B1-20260723T141813Z-cd177d74	?	?	file	27424	cb287c0e6f0689ad44e8e90c2c244777e5c756042e1ee6f90ef863f7bd4372c5					docs/design/ui_research/recon-mantine.md
B1-20260723T141813Z-cd177d74	?	?	file	22419	01afe566e3a7ab8f0cd53067192352db438fe7c633b0fc0e0f5aac3ff5c22572					docs/design/ui_research/recon-primevue.md
B1-20260723T141813Z-cd177d74	?	?	file	22886	b1722cdfae3aae82552ac6753a65b06e5bdb550fbf3aaa8ba3ceb9dbaf6f7489					docs/design/ui_research/recon-python-component-packaging.md
B1-20260723T141813Z-cd177d74	?	?	file	25053	9de9371aa90054ee4dc2bf40caa705a4d1ce9729e9f31a55fd9e1689b9ef324d					docs/design/ui_research/recon-react-aria.md
B1-20260723T141813Z-cd177d74	?	?	file	24441	d444652befc60b20a823b653613578c10a8867495e213ad13e7b071264a55440					docs/design/ui_research/recon-reka-nuxt.md
B1-20260723T141813Z-cd177d74	?	?	file	28854	d669cbc3cd7e024a3c7a5cb68eb991934bad94a473330b714bfe8dd69d6fd5a6					docs/design/ui_research/recon-vuetify.md
B1-20260723T141813Z-cd177d74	?	?	file	19572	1d459c3786f8c0efc1678fe1ea3663646d463a7d3db80b82e9b33bb138eb7197					docs/design/ui_research/recon-web-awesome.md
B1-20260723T141813Z-cd177d74	?	?	file	47311	3c62c5c695c67b2324abf7445a4ee99e2bf471147b6fc332cd98df965257e6c2					docs/design/v1_beta_launch_plan.md
B1-20260723T141813Z-cd177d74	?	?	file	2451	493f026f3db75d2bab091693587805828b9d307cec79dbb3cb2d02388bd08a0f					docs/design/v1_beta_research/README.md
B1-20260723T141813Z-cd177d74	?	?	file	4035	e9029bb6a873f2c51578db7aa5451f0f4af34db91b6c5765a29c3f89bf996a1b					docs/design/v1_beta_research/baseline_delta.tsv
B1-20260723T141813Z-cd177d74	?	?	file	1073	3b115ae8d3f3ab36c51c6cc0a36d72b047419e48e22b177fbc2eff0871e39636					docs/design/v1_beta_research/baseline_history.tsv
B1-20260723T141813Z-cd177d74	?	?	file	82482	3b5b5ef5cb84942d142e3ed394d169395459af7a8386f92d195169e5dfbb09ff					docs/design/v1_beta_research/change_ledger.tsv
B1-20260723T141813Z-cd177d74	?	?	file	14469	66ad5962254263129ec1cb95cedd34393b86d2daab53cfd91e321aa8064fb524					docs/design/v1_beta_research/design_artifact_inventory.tsv
B1-20260723T141813Z-cd177d74	?	?	file	11183	6f35b1156be24e9c71568fe0e04e649f46db913503620eb4964b609fe8e771ea					docs/design/v1_beta_research/evidence_log.md
B1-20260723T141813Z-cd177d74	?	?	file	10221	6a4a427915027b382099be8d193360b06e4a11e5884ec75947e1879248f01e4d					docs/design/v1_beta_research/manifest_inventory.tsv
B1-20260723T141813Z-cd177d74	?	?	file	5463	8f768ec562db4c6ce5f70d7b8e7cab9a16c95a4a85f79e8a2e61f6e93324548c					docs/design/v1_beta_research/public_service_snapshot.md
B1-20260723T141813Z-cd177d74	?	?	file	123296	7cf81633e45236749a957cc136ed8d17937b9682c2f35b5b820272d14acc5b35					docs/design/v1_beta_research/review_baseline_fingerprints.tsv
B1-20260723T141813Z-cd177d74	?	?	file	186	f4a03066d6c9d91f0ef5034b120ddb2bebfe7b2f6fa61400cdac3b91e926e968					docs/design/v1_beta_research/stage1_baseline.md
B1-20260723T141813Z-cd177d74	?	?	self_reference		self_reference_not_hashed					docs/design/v1_beta_research/stage1_baseline_fingerprints.tsv
B1-20260723T141813Z-cd177d74	?	?	file	981	d622605392e9f3601884b4a8a090d42a7149e5e54f3c9ce62d473efd16e0d98c					docs/design/v1_beta_research/workflow_inventory.tsv
B1-20260723T141813Z-cd177d74	 	M	file	15439	c83373bb5b6a112acfdbd155ffcd24e7770e01cc2c2e3680092b86cf3518d638	100644	20c491c764d97515336f34ecade61c903d09f1ef	100644	20c491c764d97515336f34ecade61c903d09f1ef	docs/template-syntax.md
B1-20260723T141813Z-cd177d74	 	M	file	499	e7489e76bd8a5b40817a6f795d71ca631d6c23d7d420921287c5c0c5c566cf17	100644	a728899dd2bd21fa2311e3687e02db433cde7778	100644	a728899dd2bd21fa2311e3687e02db433cde7778	docs_site/__init__.py
B1-20260723T141813Z-cd177d74	?	?	file	1861	8a0406b3e73e852f1fba3570e8473a8b7e6c686d543153dddd020d86688ad759					docs_site/_vendor/LICENSE-mike.txt
B1-20260723T141813Z-cd177d74	?	?	file	233	3344d50dd23d711922dbb09750ba78aabccf30bb5b9f125fc09620e5254a825c					docs_site/_vendor/__init__.py
B1-20260723T141813Z-cd177d74	?	?	file	378	45f3851115b5429de0431e7193aa6e6b38d3df69feb599e05a216dcd3e16668b					docs_site/_vendor/mike_redirect.html
B1-20260723T141813Z-cd177d74	?	?	file	9870	3dc56c74c2c766e4c96378dce45a9ad443d44132d6a99ac2ad8476dbaea04112					docs_site/_vendor/mike_versions.py
B1-20260723T141813Z-cd177d74	?	?	file	3937	dc63801809065a49e5a2434c6471db3fa5da5605dd12505c2a6de0e108c50abc					docs_site/annotation.py
B1-20260723T141813Z-cd177d74	?	?	file	8874	3665edd5f11675216ce0a59c64f5cae65783ce785bceb581219ff6300a75c70c					docs_site/assemble.py
B1-20260723T141813Z-cd177d74	?	?	file	2804	cc7f68d2684129ce5d061db30979e23a6d6f556de78bd6c54e620b60d46c5914					docs_site/base_path.py
B1-20260723T141813Z-cd177d74	?	?	file	8385	9790808b96d79163ecc744fe2d3c4387e91f77b3f40e017d772539b933c93da7					docs_site/bootstrap.py
B1-20260723T141813Z-cd177d74	 	M	file	23036	0b4e08cd61851514c2fec37f3f7e63e3e568e8a54b0ede9aba38e255d8385ca8	100644	6d9580759910f0a991006d7d59733fdb77465459	100644	6d9580759910f0a991006d7d59733fdb77465459	docs_site/build.py
B1-20260723T141813Z-cd177d74	 	M	file	16393	7a78492cf1c84df65d751dc8477f9775b2e01c2c301e76e2e446aa3c2227da84	100644	1fd9b14abbe28a107712694bb7d1e2b3938128f5	100644	1fd9b14abbe28a107712694bb7d1e2b3938128f5	docs_site/cli.py
B1-20260723T141813Z-cd177d74	?	?	file	1055	41ba2b4fd5b8a275672c9816876fd32f1db680b61146020f01b561c7f5b50470					docs_site/components/builtin.py
B1-20260723T141813Z-cd177d74	 	M	file	33401	e5be4f833b6920242ffd38ae0846798ac295723b675175449c9d4cbc6da490d5	100644	554b828a1a757f7d97afa3ef9a89657bf9f50d24	100644	554b828a1a757f7d97afa3ef9a89657bf9f50d24	docs_site/components/doc_page.py
B1-20260723T141813Z-cd177d74	?	?	file	1190	ddecdd07aff94ed547a1c068dd406ea323ba252bf8b9b737afe8bb43c959a809					docs_site/components/docstring.py
B1-20260723T141813Z-cd177d74	?	?	file	4585	1cd4f0ee733158ce79a36c26f18480f3cea3751e84f1ef001112728ba22d892e					docs_site/components/example_card.py
B1-20260723T141813Z-cd177d74	?	?	file	1252	be761969d5be3de5a6ba4bedfe4df7cdd9ce301f6b86bd0778c71ecb62f96cd3					docs_site/components/image.py
B1-20260723T141813Z-cd177d74	?	?	file	1651	4fcb797ffe2d7316968674e0eed00e133564b33887099231cc9e26cf9978ff5d					docs_site/components/include_file.py
B1-20260723T141813Z-cd177d74	?	?	file	4836	4e29a30ff40851f14629a0492719de34d6291db3cbf057f3a95ffd8039fe4231					docs_site/components/og_card.py
B1-20260723T141813Z-cd177d74	?	?	file	1604	49e857cfaf69956d848dd0656ee21cdb62fb9f69031be236e33d59dd0ccfd198					docs_site/components/people.py
B1-20260723T141813Z-cd177d74	?	?	file	3950	465c05dfe2988e685b76763b37bd5efb81985415da48a13c3cfccc0786ffbb11					docs_site/components/reference_symbol.py
B1-20260723T141813Z-cd177d74	?	?	file	4286	ec09b51717df0049eac7dca7181f2626a48861216d2908c73af1c7edeb01e13a					docs_site/components/search_modal.py
B1-20260723T141813Z-cd177d74	?	?	file	1629	b4263f36a2233e71fe64a6c7d01b6b23f4868f4029e6c6fad24569e1a0d23206					docs_site/components/user_grid.py
B1-20260723T141813Z-cd177d74	?	?	file	1923	f9c49895bdc819330f14ca4271dc68c543db95548897d3568aba5b43e23e091d					docs_site/components/version_picker.py
B1-20260723T141813Z-cd177d74	 	M	file	3694	1a8c40a95b5a0fa0696b08fc74300afe4bf166af731864abac252e8c8c10009c	100644	bf3dbc94ffc7f09aa3c11b590a5a6e3b219e7dbd	100644	bf3dbc94ffc7f09aa3c11b590a5a6e3b219e7dbd	docs_site/config.py
B1-20260723T141813Z-cd177d74	?	?	file	4043	87029af486ffda00cbf5b1309892284d7cf56286eee60d89b617d261377011b9					docs_site/content/_nav.yml
B1-20260723T141813Z-cd177d74	?	?	file	2950	6eb6af96876bce093df78c26915aa2a33e78a681ed13092475444a8ade223c6d					docs_site/content/about/benchmarks.md
B1-20260723T141813Z-cd177d74	?	?	file	2828	158849f99833303929fe8b1aaa9faaa820b46c10cf39d02c5eec36ce137da94e					docs_site/content/about/compatibility.md
B1-20260723T141813Z-cd177d74	?	?	file	5201	561fbd013be427151fcaabd2f1f1444092187dcfa5efaf9b93da51220941b69f					docs_site/content/advanced/alpine-runtime.md
B1-20260723T141813Z-cd177d74	?	?	file	12430	5c0b0ee9d4dee7029079279689bb844fb99b92b06859630dfb7697f1d2502572					docs_site/content/advanced/caching.md
B1-20260723T141813Z-cd177d74	?	?	file	5915	35f01e38ef6d82b3f54576c60a0261ff479d4482113b0ff7c8035b61c28a8e48					docs_site/content/advanced/dynamic-components.md
B1-20260723T141813Z-cd177d74	?	?	file	14182	e51b2e0d79d1638f9f688de3551331385039707d67b3c5bb330547ae40e20161					docs_site/content/advanced/extensions.md
B1-20260723T141813Z-cd177d74	?	?	file	9168	95862e24346dfe1014e12bdb3485324f03067b0e31092e22056d6ad7c1d9b70c					docs_site/content/advanced/hooks.md
B1-20260723T141813Z-cd177d74	?	?	file	5896	66682cd604cf1748cb48b2013b3680c012634a367fb6f2f85f48027aee1e54aa					docs_site/content/advanced/html-fragments.md
B1-20260723T141813Z-cd177d74	?	?	file	10012	22b24186787d8107132e1de279b6ee1071f7e4407caecc5f595ed705feb38c4c					docs_site/content/advanced/js-and-css-dependencies.md
B1-20260723T141813Z-cd177d74	?	?	file	5670	af41c770341421b55a070ab11cee049bcbcfadc264483d80e6ccddb88ad0bf37					docs_site/content/advanced/performance.md
B1-20260723T141813Z-cd177d74	?	?	file	5475	eb920539c99f90098011ee3743360a109f8d1cf755a528c38a4aaeb0b03d6a3a					docs_site/content/advanced/share-components.md
B1-20260723T141813Z-cd177d74	?	?	file	7018	1d31ba8f81650fdf4ec9a260aef658145efd446fe89503130056dda0c9ea12cb					docs_site/content/advanced/testing.md
B1-20260723T141813Z-cd177d74	?	?	file	6639	bd14b1d985b1b3c018958c0fd5760e6dd9f0e4ec45999a61cc4937def784c511					docs_site/content/cli.md
B1-20260723T141813Z-cd177d74	?	?	file	1431	b9f80cca57c7e55e1d0bb78e5bbe88eed24ea0c871a915b5c17e48de7fdbab73					docs_site/content/community/ai-bot-policy.md
B1-20260723T141813Z-cd177d74	?	?	file	178	03235d2181400e11759f009ca548190c1794deddf59d254e7c3570322b38990f					docs_site/content/community/code-of-conduct.md
B1-20260723T141813Z-cd177d74	?	?	file	3293	af7219de5dbe541c3c46f4d953c1985b338a4495ea1f42a457d70cc3434bb239					docs_site/content/community/contributing.md
B1-20260723T141813Z-cd177d74	?	?	file	12191	ba3f28ef53cfa3c6b2d83cf2cc0616621a399a67d5a1578d529d5c5b128c7056					docs_site/content/community/development.md
B1-20260723T141813Z-cd177d74	?	?	file	2171	45d5f14d8a110a44b0ef5ddde77e779780205589eda02a9e215104a298e8b8c8					docs_site/content/community/help.md
B1-20260723T141813Z-cd177d74	?	?	file	268	1fa6aa4c8dbe3270ff0f4c591a060cb61559e3dd62625df545bb0509e063426d					docs_site/content/community/license.md
B1-20260723T141813Z-cd177d74	?	?	file	467	476bea4a029c877780e04e85ef745524f5bfccb134673583de444e72cec433ba					docs_site/content/community/people.md
B1-20260723T141813Z-cd177d74	?	?	file	7103	50c591ad77916c363f3463b17d314415a6fa093cb7166902ebda0cc7fa7b7430					docs_site/content/concepts/client-interactivity.md
B1-20260723T141813Z-cd177d74	?	?	file	5551	42fd97afdb8e1811ebc745d0651997c2b68312326386f700bc591d3dc152e7d1					docs_site/content/concepts/components.md
B1-20260723T141813Z-cd177d74	?	?	file	4195	468b1d91833a50a2692d49186e5f2fd6f94013e40f1e6976ccbb67f8247e2c2e					docs_site/content/concepts/error-boundaries.md
B1-20260723T141813Z-cd177d74	?	?	file	7553	36e44af84a941edb6f8f2238d03c8b75afb60d40a959d1e04fa89d216a3b2639					docs_site/content/concepts/html-attributes.md
B1-20260723T141813Z-cd177d74	?	?	file	10216	260a6826707c39972f1ef32562425d1255e11c3705f860c2e5af51430edbc4ee					docs_site/content/concepts/provide-and-inject.md
B1-20260723T141813Z-cd177d74	?	?	file	10613	650e51f16045ded92617cfa0c7efa21d2cc53949d70ffbc43708f527b2923a54					docs_site/content/concepts/registration.md
B1-20260723T141813Z-cd177d74	?	?	file	8644	28fca762c89d6dbbd757c7f0686c62858390693488d6560237bca215ab77d3db					docs_site/content/concepts/rendering.md
B1-20260723T141813Z-cd177d74	?	?	file	11967	ec0744fd3d097feb4dd255e8daaf2118858a9d4cb4295dd4485f09a0171841f6					docs_site/content/concepts/slots.md
B1-20260723T141813Z-cd177d74	?	?	file	7014	42875e50674bf52fb49140b679bc862f5c3c4ab35282cd3dd28c45a7d53ce21e					docs_site/content/concepts/subclassing.md
B1-20260723T141813Z-cd177d74	?	?	file	9923	2de7d0791a7784bc5596b5e0f1ee4b7f06d81ff5ec5acddd40ee77219c4ebec5					docs_site/content/concepts/typing-and-validation.md
B1-20260723T141813Z-cd177d74	?	?	file	1290	f5b04757f9eddcc6982f5e5125bd470449048d7b713270c14bd86e6519e6588d					docs_site/content/examples.md
B1-20260723T141813Z-cd177d74	?	?	file	11010	43375540bcf0f2c581d4686f1a73ffa0760098b77f38bcfd4d5ae92cb56af88b					docs_site/content/getting-started/adding-dependencies.md
B1-20260723T141813Z-cd177d74	?	?	file	10378	083eabd63f5cb36f604aeed3c310c68e3ff6107522c8b67a15748566fc9988f9					docs_site/content/getting-started/adding-js-and-css.md
B1-20260723T141813Z-cd177d74	?	?	file	3400	679178840af97692e669e37b23b200ec34a801f164d20e8349b202aef7847cfb					docs_site/content/getting-started/adding-slots.md
B1-20260723T141813Z-cd177d74	?	?	file	4129	1e62cc75c72d797d51001ab77d6d865b90e2afd95351443a2bd1a04e34a2721e					docs_site/content/getting-started/components-in-templates.md
B1-20260723T141813Z-cd177d74	?	?	file	3640	3ea2606a89ecfad31592e1ecddd193b2d083bbb2dc082b0e54359ca1d005887f					docs_site/content/getting-started/installation.md
B1-20260723T141813Z-cd177d74	?	?	file	5021	3f99c62aa3d6d948b89dd09ac5ed99679b5f14f15eb59cf3b3b234f4891bfcd8					docs_site/content/getting-started/parametrising-components.md
B1-20260723T141813Z-cd177d74	?	?	file	3586	fba3023ca6f6023b096741ddd56298a430f8514e893470839b697b518c8363e2					docs_site/content/getting-started/your-first-component.md
B1-20260723T141813Z-cd177d74	?	?	file	9354	acf0adc42aafe3ae56cfee80458eb5520e2f42fd2095499304a0ed7e4687e42d					docs_site/content/guides/dev-server.md
B1-20260723T141813Z-cd177d74	?	?	file	18205	50c9840991848558974e89488191036efbe9e38efbcc894f7e8c0a0885838798					docs_site/content/guides/events-migration-parity.md
B1-20260723T141813Z-cd177d74	?	?	file	7167	1c63683e5fa2dc0b9e1cfc91512e6c79de3396499b6b9e741e97b141ec3ea117					docs_site/content/guides/migrate-from-component-view.md
B1-20260723T141813Z-cd177d74	?	?	file	7909	8bce785dec1ebacdea01aed8180ab97030b0acbeba35f2baed1d66033a74baf0					docs_site/content/guides/migrate-from-django-unicorn.md
B1-20260723T141813Z-cd177d74	?	?	file	8934	45764bc940503f265d0c019fd51c7c49b9d8bcaa6fcddcc4e8258f7ed5fd9270					docs_site/content/guides/migrate-from-livecomponents.md
B1-20260723T141813Z-cd177d74	?	?	file	8461	c6797d3db95995bcf0c69104b1e0606f9c5e5d32a4a5d783507d3069c4af687a					docs_site/content/guides/migrate-from-tetra.md
B1-20260723T141813Z-cd177d74	?	?	file	23455	9fbf17df2475089e32f8cbc7d46c1ddc35cf9ddab89230d142ddaf2f72a90f36					docs_site/content/guides/server-events.md
B1-20260723T141813Z-cd177d74	?	?	file	9102	b1f3a67378fe63c561dc1bb6acdeb01e78f9e4968b58d8719a055a53803e2c75					docs_site/content/guides/troubleshooting.md
B1-20260723T141813Z-cd177d74	?	?	file	8831	13b49d570a2a8906a49b2ecc71945e1ea21105cd99df27dec1c885e91331b0dd					docs_site/content/index.md
B1-20260723T141813Z-cd177d74	?	?	file	11665	c583253d9419fb1355b58f31e7b2cb3ad5de209811bb697a7e938b774c4bfd15					docs_site/content/security.md
B1-20260723T141813Z-cd177d74	?	?	file	3190	360116c49850eb4ce6cabee40e846ce968f0ef36169f9cb79e7a31191d022581					docs_site/content/syntax/comments.md
B1-20260723T141813Z-cd177d74	?	?	file	4802	6dbd4f43499398fa251a1fc4b25e50c5f00e939d0c511da27f5b720f3355dd1d					docs_site/content/syntax/control-flow.md
B1-20260723T141813Z-cd177d74	?	?	file	5141	074458b53802a7247866f061a66490dc7cd601d355699b60e307149752bd87f6					docs_site/content/syntax/dynamic-attributes.md
B1-20260723T141813Z-cd177d74	?	?	file	5028	80b4bead52faeaddd601d298f576ead151d9fcd9c347a5252555dc342e984c57					docs_site/content/syntax/expressions.md
B1-20260723T141813Z-cd177d74	?	?	file	3858	cb5341751a41d005fdd8b7ea77464f501a1a74f764215fe2acaa251e070d1ee8					docs_site/content/syntax/nested-templates.md
B1-20260723T141813Z-cd177d74	?	?	file	7746	48db0ce358c3cd47632c185dcf6006601f001e70c1c28116f27ad7d2831cdafc					docs_site/content/web-frameworks.md
B1-20260723T141813Z-cd177d74	?	?	file	7911	735078e786c38d063f581f0fe895c7bd74b66c49ad13f3e929fe173326c70c1f					docs_site/crossrefs.py
B1-20260723T141813Z-cd177d74	?	?	file	8744	ea073be57dd0a519f5fddf6a89c5febfbf7f0b1ae09f0777ad31e6846f00ad39					docs_site/data/people.yml
B1-20260723T141813Z-cd177d74	 	D	missing		missing	100644	88412b857ff6a4e99c668a7f6f9922860aa58555	100644	88412b857ff6a4e99c668a7f6f9922860aa58555	docs_site/directives.py
B1-20260723T141813Z-cd177d74	?	?	file	1965	7b0987ca448e9c08fab2feef50e74d1ed47b419b3135cc1ec7093eb52fce9ddc					docs_site/docs_versions.toml
B1-20260723T141813Z-cd177d74	 	M	file	3949	322f30e4472567309a52c729c73faa321df8210df912c129c1d96b22d4569f71	100644	31641f7370a718205477c5ce4a1a9b9fa1c4f672	100644	31641f7370a718205477c5ce4a1a9b9fa1c4f672	docs_site/examples.py
B1-20260723T141813Z-cd177d74	?	?	file	935	a20854ec10d8665bae761188ed1453d2fddf9ccdfa2518997f5400679d458154					docs_site/examples/card/component.py
B1-20260723T141813Z-cd177d74	?	?	file	582	5aa78888b1fb0eaf71ddf5047ebb7b444d029b1db19549494f8a38aaf0424405					docs_site/examples/card/page.py
B1-20260723T141813Z-cd177d74	?	?	file	478	97b2c928e4d2cb41d6566e5a08578e0fe7e2fedfac9e3e625327ad7bc1407cf0					docs_site/examples/card/test_example_card.py
B1-20260723T141813Z-cd177d74	?	?	file	2292	720eadb598286b618c369ed30d1b655e9d35132af165d4a45a17ac68e8f40b13					docs_site/examples/control_flow/component.py
B1-20260723T141813Z-cd177d74	?	?	file	927	e99c92636a3d5547717144dbab53ed59cd410fb4ab11ebb3481fa787d4611c93					docs_site/examples/control_flow/page.py
B1-20260723T141813Z-cd177d74	?	?	file	590	9760b810bf9fc67eb109a790b391a8c4a2e6ae371bb14dcdb24ab1553e7994bf					docs_site/examples/control_flow/test_example_control_flow.py
B1-20260723T141813Z-cd177d74	?	?	file	974	f7880f91a558d1e8c84a4cf512dcb6f62ebc264ceea116726a2e8f6639057c54					docs_site/examples/error_fallback/component.py
B1-20260723T141813Z-cd177d74	?	?	file	1085	e7f8041f913ba4a24ca2d9a6eab6538864509521b7ca53e771d9738f5e0fb912					docs_site/examples/error_fallback/page.py
B1-20260723T141813Z-cd177d74	?	?	file	605	e694be50414d9c6988f4660e9299d447864e74f536e968671d7d95d0cc033760					docs_site/examples/error_fallback/test_example_error_fallback.py
B1-20260723T141813Z-cd177d74	?	?	file	2684	238df217b335e5a4884dcc0b34d4db09f4c926f1d105657b133470e3d7d1cabc					docs_site/examples/form_submission/component.py
B1-20260723T141813Z-cd177d74	?	?	file	604	f27ae20aea86e9fd5dc4532b78faab6a488f0ea7f83040be3215fa1bdbdf09b6					docs_site/examples/form_submission/page.py
B1-20260723T141813Z-cd177d74	?	?	file	469	9eabb4632ce2e59ee341e902c3336475a632af362f61a7397fcd63c3f66dcf5e					docs_site/examples/form_submission/test_example_form_submission.py
B1-20260723T141813Z-cd177d74	?	?	file	1587	46f3de92e36b02bf09fcb0d9c9dbe2cab9279895d535bc47083923fa6cea5462					docs_site/examples/fragments/component.py
B1-20260723T141813Z-cd177d74	?	?	file	1527	f90b1dc98832e5e9bc037cce0c24086609569f525322088c5e322ed9d6255f76					docs_site/examples/fragments/page.py
B1-20260723T141813Z-cd177d74	?	?	file	438	b0778ad51d836f6cf6b96c9a7afacfbc5046463e08000429159c0cf36ae7265e					docs_site/examples/fragments/test_example_fragments.py
B1-20260723T141813Z-cd177d74	?	?	file	940	6a7d3680f7fcf0fd43210f423d1e08e5c43a6924fcd62aff28f8be9e3b9f1013					docs_site/examples/provide_inject/component.py
B1-20260723T141813Z-cd177d74	?	?	file	1222	b8a47942c62a250281b956c7b100e9ca7c00fc49b14905b05211a772cb3e32cb					docs_site/examples/provide_inject/page.py
B1-20260723T141813Z-cd177d74	?	?	file	490	91c6f8f907cbe2d685d31006b630e49f518dec668779b48a4fb97aecbb7550f7					docs_site/examples/provide_inject/test_example_provide_inject.py
B1-20260723T141813Z-cd177d74	?	?	file	1898	140faba35163b72988483db9405e5243005315af09efafe3632312d2284e750f					docs_site/examples/recursion/component.py
B1-20260723T141813Z-cd177d74	?	?	file	1549	affe52f7c185af051d863122f7bdc9e432b87e009c4f4ffd5a1a5b3faaff8b8c					docs_site/examples/recursion/page.py
B1-20260723T141813Z-cd177d74	?	?	file	478	0b51d3bdbd90c2c288c9d27bd3abccc3222f7ab2ff25aff5a01200fd75158ba5					docs_site/examples/recursion/test_example_recursion.py
B1-20260723T141813Z-cd177d74	?	?	file	1996	125a1e2b5e942f844c94ea7b9dc9d7a72c3d7c1170de7443f814b4d2c0b17580					docs_site/examples/slots/component.py
B1-20260723T141813Z-cd177d74	?	?	file	1413	09fc9dd1358a6b64bb88ee6d4e188bff970177fc861e3cc07e92dcd63367c7e8					docs_site/examples/slots/page.py
B1-20260723T141813Z-cd177d74	?	?	file	508	7ca6646bbad8a684c1ec8106b238ce111b4b6b0224407e9c7d6dbe9f9e7d057f					docs_site/examples/slots/test_example_slots.py
B1-20260723T141813Z-cd177d74	?	?	file	3522	e03d7ae37aec7d5d08938bd49a6d4956868885f3334a74eb8c7b168d2a45f669					docs_site/examples/tabs/component.py
B1-20260723T141813Z-cd177d74	?	?	file	1254	dcfb72d724cfdde81399d5a92bc00b660cd663f38aea25d4e85797c1fa6bd7e2					docs_site/examples/tabs/page.py
B1-20260723T141813Z-cd177d74	?	?	file	474	7d30cbea2fb4fc95fb1260a92a9078eae07f579a8905d73ceeea567d5aca1c5a					docs_site/examples/tabs/test_example_tabs.py
B1-20260723T141813Z-cd177d74	 	M	file	4567	2519d06b814177dc3ff9838afc1cfb52f2b7ffe5ae3639292e907ef319baa485	100644	57d228f62f865c3adbde5ea892e9a9529428665f	100644	57d228f62f865c3adbde5ea892e9a9529428665f	docs_site/fence_protection.py
B1-20260723T141813Z-cd177d74	 	M	file	7339	b722a5e7cb53784c10f49aba5a00608ff0ba05bc3a8f312188a7781c3137275b	100644	f12de5458cc02b067f7b00a09362c36ac2f5f4ba	100644	f12de5458cc02b067f7b00a09362c36ac2f5f4ba	docs_site/frontmatter.py
B1-20260723T141813Z-cd177d74	?	?	file	5026	7ae44f80fa5d51df41261145e8a4f715ef37bb3dbaf07b3907227b762bc36da3					docs_site/git_metadata.py
B1-20260723T141813Z-cd177d74	?	?	file	6008	52f3d69830260b42c315ef7bd3bb1619dce84d9d71dbbcf44a028da299c6f083					docs_site/guards/__init__.py
B1-20260723T141813Z-cd177d74	?	?	file	1032	2da6f9676604d071e446c0598655cb4082a832f2b6055272a3f320ad0f7feff4					docs_site/guards/alt_text.py
B1-20260723T141813Z-cd177d74	?	?	file	1729	362399455763340fd506e46b72719259c32fe11bbf2b759910f9eb55a8c58600					docs_site/guards/anchor.py
B1-20260723T141813Z-cd177d74	?	?	file	2567	63bb8b7bbdcc40b7013f39c36d245c62fd7c20d0aea48aeabea1fe8086513633					docs_site/guards/api_symbols.py
B1-20260723T141813Z-cd177d74	?	?	file	3007	2b0276bec4c5c4e942603241e933165009eae4b57421c36b7316a430ea21260b					docs_site/guards/asset.py
B1-20260723T141813Z-cd177d74	?	?	file	2916	9529cc8769d15b96ec3507e890abe68fe4ee61669c9ddfa11850c57eb4a55f40					docs_site/guards/base.py
B1-20260723T141813Z-cd177d74	?	?	file	1225	3796814fb97b1b85619e182a842a3d89b9cdfc717b61a0ad6e8d05acef9d6149					docs_site/guards/code_lang.py
B1-20260723T141813Z-cd177d74	?	?	file	3006	162bb0ff5e15b42628231458d8b6e417c105e7a3ccd2b3168f5cef66b8fd765a					docs_site/guards/component_fence.py
B1-20260723T141813Z-cd177d74	?	?	file	3614	1b3d9faef60f793b6e5f8f26bd6d6c232ee4fa6e4ca3dc06417bdd6bb985e734					docs_site/guards/cross_version_link.py
B1-20260723T141813Z-cd177d74	?	?	file	3498	bfb5940568b72a1b444d708befb6fd074f781b59af64d127fb9e983ddbd45ba3					docs_site/guards/example_contract.py
B1-20260723T141813Z-cd177d74	?	?	file	3949	39d43379049ca31952583308c611b4b2d20253b568be9e44fe56dd7559f9d7f1					docs_site/guards/fence_validator.py
B1-20260723T141813Z-cd177d74	?	?	file	3606	6c5ee203aab37de6407de6b0bc039aef6d4e627d53a0de0ef144f00134b7f976					docs_site/guards/frontmatter.py
B1-20260723T141813Z-cd177d74	?	?	file	1225	9b1e7cd79f47f934d3de301b79891b8a689cd00dc7651db08f5fdba9a4b9d6eb					docs_site/guards/headings.py
B1-20260723T141813Z-cd177d74	?	?	file	1236	e906bd1ad44a6b7835ca1f2873d49c4fea44bfb310680ddaa2cd1fc3c133beab					docs_site/guards/html_wellformed.py
B1-20260723T141813Z-cd177d74	?	?	file	1608	92efdd1b621851280b291e41366352cccc21f6a6027deeba9243ef9f4bca3698					docs_site/guards/internal_link.py
B1-20260723T141813Z-cd177d74	?	?	file	2623	107f248896b245a46f4b663d559c2def0b7e9a0f7a4afb65273a0f7a64ffc907					docs_site/guards/json_ld.py
B1-20260723T141813Z-cd177d74	?	?	file	1677	84da00b3572325b9f10f4520982964dbc18ad27f14e9eca8b7b3ea0ff26b649d					docs_site/guards/lexer_alias.py
B1-20260723T141813Z-cd177d74	?	?	file	2633	4169728e4a3a0f9ad4e353ce974a18a7075fb751abbde0c3b30be758749391aa					docs_site/guards/nav.py
B1-20260723T141813Z-cd177d74	?	?	file	1595	2c8d0b25221ebddcb72b83de62f332959c77c7be30d7bd4e2d8f960e8f8db98c					docs_site/guards/redirect_target.py
B1-20260723T141813Z-cd177d74	?	?	file	972	c558bf801234e05d45eb5462447ed1d252c218cb352e0d7254d7383b65c5e356					docs_site/guards/single_h1.py
B1-20260723T141813Z-cd177d74	?	?	file	10040	481e21651f2489543532b4c1d95ae301a902a72ff97abaa0679a49fa26f8f8ea					docs_site/guards/site_index.py
B1-20260723T141813Z-cd177d74	?	?	file	2650	d367f241cebdd0b0ab7029b268979f6b8a3e530a25de46188bfdf39e47a8b8e9					docs_site/guards/snippet_path.py
B1-20260723T141813Z-cd177d74	?	?	file	6493	2e09c0536cd118aac858de4ae17d2d0ab862143bb18952ebcc77a3407c0fa8d7					docs_site/guards/versions_manifest.py
B1-20260723T141813Z-cd177d74	?	?	file	3697	04281669d94cb400d155c4796752717c0928b3ecece03a2018975ff6d176dfa7					docs_site/inventory.py
B1-20260723T141813Z-cd177d74	?	?	file	6868	f01ac1566a3e0fc8b1c03167e230555814d51abd2841e6dc09444810d32c123c					docs_site/links.py
B1-20260723T141813Z-cd177d74	?	?	file	4747	0d113e67b7d5bcbf0f421403f1d2e5703f0a134b0205cb1e126a92857bdca3b1					docs_site/llms.py
B1-20260723T141813Z-cd177d74	?	?	file	2806	eb0ff9259e2a4775807de7b562851d09f08d8fa561a3f8820a27efd31c6217ca					docs_site/minify.py
B1-20260723T141813Z-cd177d74	 	M	file	5470	17d02f435b2d163479f6d19f6a833db1b21101ad15c124efefed90c42444a63b	100644	cbca1c581e8061502671d89eaa3b14db0c5ee8c7	100644	cbca1c581e8061502671d89eaa3b14db0c5ee8c7	docs_site/nav.py
B1-20260723T141813Z-cd177d74	?	?	file	2879	41372eecd70771f2c6225d1ae4e0efb78febef5714da8f36b5c9742b16c183dd					docs_site/pagefind.py
B1-20260723T141813Z-cd177d74	 	M	file	2376	2502b2534a99572a9b6ec90aca07350d5f2890da26e90181176552c39c5a8f32	100644	c9b1eb7bc7284b13aa5bcf981320796d560409d1	100644	c9b1eb7bc7284b13aa5bcf981320796d560409d1	docs_site/paths.py
B1-20260723T141813Z-cd177d74	 	M	file	11732	683ee251207e0a1a3416322ddb44d6990ab60159504a6e65e612efb2a899762c	100644	94f5b8688e7f8d3f881ba8e09c011c30c406d151	100644	94f5b8688e7f8d3f881ba8e09c011c30c406d151	docs_site/pipeline.py
B1-20260723T141813Z-cd177d74	?	?	file	2539	be54d182533d30e0274dafb61446ab605420ba43e1321890b9bb8e9ba3a2b7e0					docs_site/redirects.py
B1-20260723T141813Z-cd177d74	?	?	file	15994	8f777abbba80879681f518d3cf2192f634419a3f54fc8d380c669166f969b2fd					docs_site/reference.py
B1-20260723T141813Z-cd177d74	?	?	file	9883	e58817832fb4c96b3ff4ee6ff42a2c0b976af1435e13c14af7c91ef870bedd36					docs_site/reference_pages.py
B1-20260723T141813Z-cd177d74	?	?	file	9935	891ca0323f56e0cb13a6cce3319c234911df2ecd7455e92e72917a3a0e789f80					docs_site/release_notes.py
B1-20260723T141813Z-cd177d74	?	?	file	8255	cd2edfc87ba8aafdd1cce7c8a6bb7d818c63ce308b6cae878f2c4fc57121cacb					docs_site/seo.py
B1-20260723T141813Z-cd177d74	 	M	file	8357	b579ac219779b03d9f65c37e5ac8dc1082ee93dc84a8e2adc459eac67ad34b83	100644	29eba5e7f6df8c6b7082c431acd3cd24a1fd9274	100644	29eba5e7f6df8c6b7082c431acd3cd24a1fd9274	docs_site/serve.py
B1-20260723T141813Z-cd177d74	?	?	file	60	3dd30bbb6f14a7dd39b4578e0821b1e25a6cb05920b5e962d63759c0d7cd8597					docs_site/snippets/__init__.py
B1-20260723T141813Z-cd177d74	?	?	file	4747	3221a1832529088b3e60de485de7879375aaeba69cde83f22b39d6563a9ec8b0					docs_site/snippets/_verify_events_migrations.py
B1-20260723T141813Z-cd177d74	?	?	file	3135	9b7afc8aed40a919b88f298dd26e19fde60cb5b2d4e2a567ebeced88dee14df8					docs_site/snippets/migrate_component_view.py
B1-20260723T141813Z-cd177d74	?	?	file	2515	2f3aba2c0580b79eaadc9bc64e0145a1f3533f594578c7ed803dc29edfd05036					docs_site/snippets/migrate_livecomponents.py
B1-20260723T141813Z-cd177d74	?	?	file	2419	78fe84092695ce110683a01365254fa37fbd80005318a30829d56d6e1779b8d2					docs_site/snippets/migrate_tetra.py
B1-20260723T141813Z-cd177d74	?	?	file	3150	adff3a473cc2ab034d027bce26ca2f8adf28dd911c5d6a60fbdb6e5800f273ae					docs_site/snippets/migrate_unicorn.py
B1-20260723T141813Z-cd177d74	?	?	file	8274	4c44261054aaba7b78a0627221df22661e0894a51307aa2694a4671561d11f47					docs_site/social_cards.py
B1-20260723T141813Z-cd177d74	?	?	file	2494	ef4f952990ad0cbeaca0d9d953e8ca58e273d525592a049bd2babc75aeb87fe6					docs_site/static/css/reference.css
B1-20260723T141813Z-cd177d74	 	M	file	45794	ecb9752c0af4a584e270eabc2d8f9f85dcf1ba100072b8cb9159dc4d199df3dd	100644	363adf5f13b3252d16133b49705221f43f3ebc95	100644	363adf5f13b3252d16133b49705221f43f3ebc95	docs_site/static/css/site.css
B1-20260723T141813Z-cd177d74	 	M	file	5639	aa8505415ce6e7e83ae1d7f67a4e7226abf85f5db8054c9720e5882551df8064	100644	ebadfc7ed04d0b258db13b189580eb17dc4112a0	100644	ebadfc7ed04d0b258db13b189580eb17dc4112a0	docs_site/static/css/tokens.css
B1-20260723T141813Z-cd177d74	?	?	file	84693	273025541bde81cc6fb21e936d73ff00831bcd550822cacc506e1d78ea6a554c					docs_site/static/img/benchmark.png
B1-20260723T141813Z-cd177d74	?	?	file	8170	8b8b4593e5156704a62bcbb37e7889880b03d244a603bc070a6c54d463169e2b					docs_site/static/img/favicon.png
B1-20260723T141813Z-cd177d74	?	?	file	1167	eec67f8552ef4cee9e200472fe0bb9351106c6d42837f88ba4bd33f1e8920f07					docs_site/static/img/favicon.svg
B1-20260723T141813Z-cd177d74	 	M	file	17303	2d7cbd865f812c40a71d8ab2c9b74bddfbfe8f0aed4c73460c29e29e3718430d	100644	1bc582fe278e0a8810abf15931214b74784372e0	100644	1bc582fe278e0a8810abf15931214b74784372e0	docs_site/static/js/search.js
B1-20260723T141813Z-cd177d74	?	?	file	4113	424d36b7f21603c39db7b3b7febaadebfa9ca5d0fe6103527bbea52c79015ebe					docs_site/static_deps.py
B1-20260723T141813Z-cd177d74	?	?	file	2157	769a76317ad83048219c9187b5fbee25773d92c93f3503b2916fd5483e66eafd					docs_site/tests/e2e/conftest.py
B1-20260723T141813Z-cd177d74	?	?	file	5896	7df6478725e87794e6f306f19e7aab3ec9fc2b10629f6ae7e2e19518fdbad130					docs_site/tests/e2e/test_docs_e2e.py
B1-20260723T141813Z-cd177d74	?	?	file	3698	5ef258981d5a7bac4f5d763f41683640a07a0e5501cb6432d3573fbda66e3151					docs_site/tests/snapshots/about_benchmarks.content.html
B1-20260723T141813Z-cd177d74	?	?	file	7676	3a539116421c2b0d1875bffb317a0934275f6663471a536b8f7c92c4745aa022					docs_site/tests/snapshots/getting-started_your-first-component.content.html
B1-20260723T141813Z-cd177d74	?	?	file	12013	260d5ccd204eb07cca1483b83561db3eda8e8dfd1fc8e3646100e23c67686461					docs_site/tests/snapshots/syntax_control-flow.content.html
B1-20260723T141813Z-cd177d74	?	?	file	3167	7210a73dc4be4d13269741d7b128dbec82fbffc43cbbd5de0f3a7be509b7bcf2					docs_site/tests/test_annotation.py
B1-20260723T141813Z-cd177d74	?	?	file	5948	c494f5374b8d42755be6ebab9e06fb02b4b292f40a26b8cc3cdec863f78c6328					docs_site/tests/test_assemble.py
B1-20260723T141813Z-cd177d74	?	?	file	1934	d5676af891e428f6f604102b1414b02f2c4b62d973e96ce7dbba27d73a01006c					docs_site/tests/test_base_path.py
B1-20260723T141813Z-cd177d74	?	?	file	6939	7c8286a09d9fcde97123858948bf6c05a4d794ce5c287c1c3c1287f8b990af70					docs_site/tests/test_bootstrap.py
B1-20260723T141813Z-cd177d74	 	M	file	10584	8eb48d5253d21dec195368fcf265582eb584bc31643691ad2c63cdb57757f75f	100644	3765308774d8b16749fc56dbedb5fa3846349a70	100644	3765308774d8b16749fc56dbedb5fa3846349a70	docs_site/tests/test_build.py
B1-20260723T141813Z-cd177d74	?	?	file	1325	74f60c64a9db6f2dc09580c4208238e0c96f5d39cf3fa46ad12cae512caa5774					docs_site/tests/test_caching_docs.py
B1-20260723T141813Z-cd177d74	 	M	file	9062	3b7776edb14e81321bae0a21edfb97dd3a24f73703b3daa8b4687602b344d530	100644	0bdb776db69e7ca31b3c1c6b86c7efd0c6b03096	100644	0bdb776db69e7ca31b3c1c6b86c7efd0c6b03096	docs_site/tests/test_chrome.py
B1-20260723T141813Z-cd177d74	?	?	file	6607	d53166f7c16324899f7f322b97bc680b11a4128a034a5a634a5a925fd4b6ff12					docs_site/tests/test_cli.py
B1-20260723T141813Z-cd177d74	?	?	file	5254	2f415146a76ec1c2838b6c1167aee0e9756b17caa55f556235d192f052865f40					docs_site/tests/test_content_render.py
B1-20260723T141813Z-cd177d74	?	?	file	5204	3a3990ac5eb1314e748da62dbf3cdec852c1fbe7af36c19c13317f546fc22562					docs_site/tests/test_content_snapshot.py
B1-20260723T141813Z-cd177d74	?	?	file	3311	a8353050967e062c0655f0b85501e0e23bfe60f7122c8fe68916608f1a234795					docs_site/tests/test_crossrefs.py
B1-20260723T141813Z-cd177d74	 	D	missing		missing	100644	b86a52607deed6dada2112ab96f17fefbcb7a420	100644	b86a52607deed6dada2112ab96f17fefbcb7a420	docs_site/tests/test_directives.py
B1-20260723T141813Z-cd177d74	?	?	file	2598	6e3acb5e6010e78da60f6a86e86215494e163d5f4b8d770b5bc75545541f610e					docs_site/tests/test_events_migration_examples.py
B1-20260723T141813Z-cd177d74	 	M	file	3055	b5e164d131d05f28e6d54d0acbbfafe9b18ec375c51e8c9b45bf9a9332ac0541	100644	2c1989c7bd4855ba860a69dabbc859bcb1f3121b	100644	2c1989c7bd4855ba860a69dabbc859bcb1f3121b	docs_site/tests/test_examples.py
B1-20260723T141813Z-cd177d74	?	?	file	4838	fa32a2c5f93d62ce792541041a003199105399fcd538dd38de3d7079ea730a29					docs_site/tests/test_frontmatter.py
B1-20260723T141813Z-cd177d74	?	?	file	4773	9e054dc065831c6fe1aed7e76fe3b362979d6cbeb6fcbe01d379b9c84e493f5c					docs_site/tests/test_git_metadata.py
B1-20260723T141813Z-cd177d74	?	?	file	10444	ee01d1b3951ec47e4a8f7a3b6c0a169f00829c46a097e89036297d9c2f9f9cef					docs_site/tests/test_guards.py
B1-20260723T141813Z-cd177d74	?	?	file	5471	a3b5ce9521ff1672827749bb50771a90b4996d009763ecf0e42fb8bf4617ec39					docs_site/tests/test_inventory.py
B1-20260723T141813Z-cd177d74	?	?	file	2576	390841d5518143f7d20392942bd371f213372e3f830508ca3b5c6aafbcac6a7e					docs_site/tests/test_links.py
B1-20260723T141813Z-cd177d74	?	?	file	2295	958df46fa5e5dbffe525af58a6d351abdff14440077700c714dd15223a082e5c					docs_site/tests/test_llms.py
B1-20260723T141813Z-cd177d74	?	?	file	2098	8d754698dfbf3d4da8685cc29c15089ed33a5c56a20ec2f2febbbb7039da62ca					docs_site/tests/test_minify.py
B1-20260723T141813Z-cd177d74	?	?	file	944	36becf5d7343ba53f92e3b01a5b2d3d52538ee0bd2dbe0bb282f93f91cec8630					docs_site/tests/test_pagefind.py
B1-20260723T141813Z-cd177d74	?	?	file	803	eb6de5ee1ba58217f7582215fb572001386d92d569bc2a514d6d1b207374cf00					docs_site/tests/test_paths.py
B1-20260723T141813Z-cd177d74	?	?	file	2837	55272233eaaf511895928955ca19a11d27736b89bb6924c7c928a60e4ea8e2fc					docs_site/tests/test_people_generator.py
B1-20260723T141813Z-cd177d74	 	M	file	5808	4fe9eead059b0a12d0d6086c7b2be81215376a03460f40bb540cbaaf43a5e903	100644	95d2b113b5e456e51cbc9e17bbbe55aaef99856e	100644	95d2b113b5e456e51cbc9e17bbbe55aaef99856e	docs_site/tests/test_pipeline.py
B1-20260723T141813Z-cd177d74	?	?	file	1225	a73cb0ad19cf1ec698129567ff559ebfbaf31a0741ad921428b48904a8422443					docs_site/tests/test_redirects.py
B1-20260723T141813Z-cd177d74	?	?	file	2011	99ebeafb186a374b4dd2efca0f4bdb2f199c9dfd3ca5a952a743b5a5a37b6acb					docs_site/tests/test_reference.py
B1-20260723T141813Z-cd177d74	?	?	file	7079	ab0b1188197eafa93e642cdabe404df97f498b72670a7eddeb72b9d547bd3ce9					docs_site/tests/test_reference_enrichers.py
B1-20260723T141813Z-cd177d74	?	?	file	5020	432ef53de1df8c8b28156cdfa3e1d2db0a53303385478e3415631a7a47db4527					docs_site/tests/test_reference_pages.py
B1-20260723T141813Z-cd177d74	?	?	file	10703	3989b1b8d78264c38f6889c747d9d06b3228a5d5ec35fad75090b829d4ac68f4					docs_site/tests/test_release_notes.py
B1-20260723T141813Z-cd177d74	?	?	file	1872	c2482d778e5f86d9731fe448245cc855ed0499b07de2ff0a1ab5c77efaaffeaa					docs_site/tests/test_search.py
B1-20260723T141813Z-cd177d74	?	?	file	4945	fde234f19e0f8b91c139e790347426b41c76b2ef6454ed0db8a47e56e5a12285					docs_site/tests/test_seo.py
B1-20260723T141813Z-cd177d74	 	M	file	2726	cf17a5d6914b3ed024b70d04003c40e905a5f8f28c1124bcef860446e07840fb	100644	60fd1a345324664979b55301f74aeb6722714443	100644	60fd1a345324664979b55301f74aeb6722714443	docs_site/tests/test_serve.py
B1-20260723T141813Z-cd177d74	?	?	file	5036	e8d78be07c81f5e2997ccfa10444dd215c39036cd02c2cf5769a4fb79bd066a3					docs_site/tests/test_social_cards.py
B1-20260723T141813Z-cd177d74	?	?	file	803	672643113d462ef05cb375b581d31053ce596e4bba183b5c03069daa1f0b0ab5					docs_site/tests/test_static_deps.py
B1-20260723T141813Z-cd177d74	?	?	file	4770	ebef24ed838f3b6ce006fc80bab0f52d3ab6340d8c823c6d9c000c5ab6f82c72					docs_site/tests/test_versioning.py
B1-20260723T141813Z-cd177d74	?	?	file	10171	f11a46ca3d7073de5a0b6315af2c8e7fcea03617c2cab6f2835dc464ed9b4016					docs_site/tests/test_versions_guards.py
B1-20260723T141813Z-cd177d74	?	?	file	5243	f44fe1de0158489a829bb5285275cfe01091e8929edab75719c49176cb633166					docs_site/toc.py
B1-20260723T141813Z-cd177d74	?	?	file	855	2df5ed1c825d4f47c5dd5e3e521875466781c7b0698d336292a08308a1f199c3					docs_site/util.py
B1-20260723T141813Z-cd177d74	?	?	file	9405	3e8bfb67f2e2717ba794da5f0473890b4291b1136c3cc0efacbe52a6fa6bf0cb					docs_site/versioning.py
B1-20260723T141813Z-cd177d74	?	?	file	3	37517e5f3dc66819f61f5a7bb8ace1921282415f10551d2defa5c3eb0985b570					docs_site/versions/versions.json
B1-20260723T141813Z-cd177d74	?	?	file	66921766	33edd6587d24bfeed6a6b51768e1493d3108778ea027eb245fac6d34db7cd720					old-chk.zip
B1-20260723T141813Z-cd177d74	?	?	file	250044481	3636d5e77215a02bdb7694cf795480b5d3436fe77144ac84cea7eeb976cfe528					old-djc.zip
B1-20260723T141813Z-cd177d74	?	?	file	24333931	22373be2638cb1a965569a12f1343448d1c14c8aa26e6311a4302ae33fbac9bd					old-vuetify.zip
B1-20260723T141813Z-cd177d74	?	?	file	2907	ef1eec8097bb6ceaf6327617433f70017ba9b9a3b24c6b42e750b8e99be3b677					packages/js/citry-client/README.md
B1-20260723T141813Z-cd177d74	?	?	file	1955	12bd956dd3a02720848400b1e084c425d723c7e2b8ef75bcec8bac7eee653f5a					packages/js/citry-client/biome.jsonc
B1-20260723T141813Z-cd177d74	?	?	file	1178	3da7097f606e1bcd610d888b56469ff2dff35a3a8412e9b144c1e5ac05b63dbc					packages/js/citry-client/package.json
B1-20260723T141813Z-cd177d74	?	?	file	4915	4880d08ecfab55546259a2d3a8afb9f337d283b17a1163d057a41c9c78e60aab					packages/js/citry-client/src/alpine.d.ts
B1-20260723T141813Z-cd177d74	?	?	file	261281	39c8176dff9ce6df069b10da5b38ab49d960e21658a5b6cabcafff5e2770994e					packages/js/citry-client/src/citry-events.ts
B1-20260723T141813Z-cd177d74	?	?	file	10191	55bbed7212ef189e54bbf802a2759b456e36ada0f15f35687ea10642800c1779					packages/js/citry-client/test/canary.test.mjs
B1-20260723T141813Z-cd177d74	?	?	file	686	68c88b77977566d518dae95e283fb92e7e8fad0ad0b166edbc9b72f7d307cd94					packages/js/citry-client/tsconfig.json
B1-20260723T141813Z-cd177d74	?	?	file	275	9e917f595e9f414e0fbf181faefa33f50e20e7ccc84705c616876c5a7de75ff9					packages/protocol/client_graph/v1/fixtures/README.md
B1-20260723T141813Z-cd177d74	?	?	file	538	e2f2e717a58884fd28074c27de8834dd04fe3eac15e5a250231a4c72a3a550b6					packages/protocol/client_graph/v1/fixtures/minimal.manifest.json
B1-20260723T141813Z-cd177d74	?	?	file	7811	6bb5b7085827656bc78fc7208c3a42100a2e52f8e91f1156f955c93258395321					packages/protocol/client_graph/v1/manifest.schema.json
B1-20260723T141813Z-cd177d74	?	?	file	5943	587797145a6a80d540cb8a2d0af9fc31788002887ef6bf4afa65b98c9d4b6fbc					packages/protocol/client_graph/v1/spec.md
B1-20260723T141813Z-cd177d74	?	?	file	22108	6841e2e8f35a0f9bc100e78fa665a8f1420ce8e749352d4c7e0e317be3ddafbf					packages/protocol/client_graph/v1/validate.py
B1-20260723T141813Z-cd177d74	?	?	file	997	284b0e1709f82b058540185b23364988bcd3396f0fd4faabca0550b81f770b91					packages/protocol/events/v1/README.md
B1-20260723T141813Z-cd177d74	?	?	file	3399	0cd60a43c316e0c2d480a4d0a83b6d0e93c5f22424fd51c231d9847240bc8dd5					packages/protocol/events/v1/call.schema.json
B1-20260723T141813Z-cd177d74	?	?	file	2121	f71d8902ef95ab8d49208da66d1aae92728ac28e2b41619794e5d71e08b027b5					packages/protocol/events/v1/descriptor.schema.json
B1-20260723T141813Z-cd177d74	?	?	file	7172	f7445c9d30b7c9568fa1387a7eee9a5170574a38500733fa661e0ba833fd6411					packages/protocol/events/v1/fixtures/README.md
B1-20260723T141813Z-cd177d74	?	?	file	356	b2a119ebc62be6a66cbf88beda0309af2b41af08c4f6723798556ceebc850bb1					packages/protocol/events/v1/fixtures/baseline_swap.call.json
B1-20260723T141813Z-cd177d74	?	?	file	979	7e47349c24ec8afa98f3b37485f1aeaa7343a56ca91dbc0e9587ba30b8742ea8					packages/protocol/events/v1/fixtures/baseline_swap.result.json
B1-20260723T141813Z-cd177d74	?	?	file	547	2caa1f18dd11b43f978685b6f147e5fc9c5de0437854a9d324b65ac4b06fcfd5					packages/protocol/events/v1/fixtures/batch_two.call.json
B1-20260723T141813Z-cd177d74	?	?	file	1135	6ac799133ad97b4b81bdae5f25cd417ce133be6804ee342646f4e2e448b22549					packages/protocol/events/v1/fixtures/batch_two.result.json
B1-20260723T141813Z-cd177d74	?	?	file	193	d101025ca5361d87147b75817de7d01b7efb10647cab4c0cb3eda12d6e24c206					packages/protocol/events/v1/fixtures/data_only.call.json
B1-20260723T141813Z-cd177d74	?	?	file	240	fe52953d48809e8f27c18dfa6523684ed6aabc33192753c017e284493d0a13f1					packages/protocol/events/v1/fixtures/data_only.result.json
B1-20260723T141813Z-cd177d74	?	?	file	199	a5750557bf6c2dd56cc72fbb3d6e14bb1f7d9c64c9fa7912d9ae6b20beca81cf					packages/protocol/events/v1/fixtures/error_conflict.call.json
B1-20260723T141813Z-cd177d74	?	?	file	239	6f24432807fc9e26671b19954f75b97c513b4be9362d5a8fd35861a89e3addf4					packages/protocol/events/v1/fixtures/error_conflict.result.json
B1-20260723T141813Z-cd177d74	?	?	file	342	5d8f11ae57ffee320201ce8de253e0a83668b2f55ce46f55eed9866891f0abdb					packages/protocol/events/v1/fixtures/error_csrf_failed.call.json
B1-20260723T141813Z-cd177d74	?	?	file	280	e212efd10ea6d5113c14548261bc4bccd47d1ba1d18eb821908a5f2dd0a65d11					packages/protocol/events/v1/fixtures/error_csrf_failed.result.json
B1-20260723T141813Z-cd177d74	?	?	file	386	3773d8a69e7059dcd3cfea9efcfb993107587b5560b313737bba3060030ffe99					packages/protocol/events/v1/fixtures/error_forbidden.call.json
B1-20260723T141813Z-cd177d74	?	?	file	261	c77ca1dd03630522c13b9fe3154f38159c4d3dba7472e10bab1007f201810648					packages/protocol/events/v1/fixtures/error_forbidden.result.json
B1-20260723T141813Z-cd177d74	?	?	file	198	444d2d27fcea0f69584b6d1319c1df63d43c3854305110e6fa2426f3db94ede3					packages/protocol/events/v1/fixtures/error_generic.call.json
B1-20260723T141813Z-cd177d74	?	?	file	235	15190b5741761b5dc4015761c7cca8c1075bdcd41e71a7a63d113ea699917ce8					packages/protocol/events/v1/fixtures/error_generic.result.json
B1-20260723T141813Z-cd177d74	?	?	file	340	7d028f0a65adc4a3dc8d048d5a8f250b8a5ac8bd0ec2f21277ed6010c3af6c58					packages/protocol/events/v1/fixtures/error_handler_error.call.json
B1-20260723T141813Z-cd177d74	?	?	file	267	2e0d582e6e8811f46b64edbb3fb616f2ed54a822e05a5bc3a6bfb39017e9d1a4					packages/protocol/events/v1/fixtures/error_handler_error.result.json
B1-20260723T141813Z-cd177d74	?	?	file	340	5a44c2dd2c459119eeb4cce05c1863630b6356b6553993e3b02065059862402d					packages/protocol/events/v1/fixtures/error_invalid_args.call.json
B1-20260723T141813Z-cd177d74	?	?	file	363	f959a19ee8474de27c52e64adbab92403f7ec31d72d8997da1905e59c2253821					packages/protocol/events/v1/fixtures/error_invalid_args.result.json
B1-20260723T141813Z-cd177d74	?	?	file	256	b46e757b0427f0de23dd4a98432682bca29af4fcdb3d5770cc6ff9c40589357b					packages/protocol/events/v1/fixtures/error_invalid_state.call.json
B1-20260723T141813Z-cd177d74	?	?	file	282	f37b0d18146dc0637a0fba4f15612d3b1a4a4da6eadd8c92f5cef47e09004231					packages/protocol/events/v1/fixtures/error_invalid_state.result.json
B1-20260723T141813Z-cd177d74	?	?	file	200	1f560a900bc4383553d6c1bb21e3cca96f194e04839a451fb474a0f42a10d05b					packages/protocol/events/v1/fixtures/error_not_found.call.json
B1-20260723T141813Z-cd177d74	?	?	file	241	d49707f445d9cafae5e74bb50bde86c0303431655825f15cc57a57e2026334a1					packages/protocol/events/v1/fixtures/error_not_found.result.json
B1-20260723T141813Z-cd177d74	?	?	file	2095	e91930f473ea3ae3b040217f2a70071c2a98c467b871018b6db6a6512fc53709					packages/protocol/events/v1/fixtures/error_payload_too_large.call.json
B1-20260723T141813Z-cd177d74	?	?	file	3219	8d402807f0590fa62140c57f1a89e388f79b9f005e1341edbe78efb294b80e5c					packages/protocol/events/v1/fixtures/error_payload_too_large.result.json
B1-20260723T141813Z-cd177d74	?	?	file	207	1e2e5e2b2cab0b0946994d44ff6d847149d9bbf517ebafe53082fd3cb56c6b71					packages/protocol/events/v1/fixtures/error_protocol_mismatch.call.json
B1-20260723T141813Z-cd177d74	?	?	file	301	fb2a57e1e48ab3ce1b8e9f6d5206bc470c076183fbf710682642a813ebf4b4da					packages/protocol/events/v1/fixtures/error_protocol_mismatch.result.json
B1-20260723T141813Z-cd177d74	?	?	file	342	ceb8bf981a43c0afb7503b807b3b0ffa9e6346cac72b7ae748c7cce6787970c9					packages/protocol/events/v1/fixtures/error_stale_state.call.json
B1-20260723T141813Z-cd177d74	?	?	file	304	4838dbed412d494a0b4a39336bcf20a75dbbf50654c4c6518977a75913b7403c					packages/protocol/events/v1/fixtures/error_stale_state.result.json
B1-20260723T141813Z-cd177d74	?	?	file	183	197d6c97e75a37b102d2c1073df7c71b885623361d5727dc4ba8023cb48132bc					packages/protocol/events/v1/fixtures/error_unknown_component.call.json
B1-20260723T141813Z-cd177d74	?	?	file	287	2e10a7b32fadd039fbe5f16f0ec54131e3eaadbdf0194f15832ff51bc7ad6ee4					packages/protocol/events/v1/fixtures/error_unknown_component.result.json
B1-20260723T141813Z-cd177d74	?	?	file	340	75bf06e873a212435e56ab0913467a1bbc1363d07abf6ba8bf507ec50ca82359					packages/protocol/events/v1/fixtures/error_unknown_event.call.json
B1-20260723T141813Z-cd177d74	?	?	file	263	4706b08903684b8f8431989a16f5c2a3f8b3b24a1592e211c6bee3c9b6e9ca64					packages/protocol/events/v1/fixtures/error_unknown_event.result.json
B1-20260723T141813Z-cd177d74	?	?	file	432	b5f8cf3ff7796d978514959598431a14753aeef0d8ae9f9509358e0a3b397f8b					packages/protocol/events/v1/fixtures/happy_render.call.json
B1-20260723T141813Z-cd177d74	?	?	file	976	e0eb9b3c13af8ae9c87351dc5700f10eb01b32ab5a073532273eaf3852835c92					packages/protocol/events/v1/fixtures/happy_render.result.json
B1-20260723T141813Z-cd177d74	?	?	file	166	9737881607ef222a588df2c19e976a5e99c95903f653db062e49a383c3aa99d7					packages/protocol/events/v1/fixtures/history.call.json
B1-20260723T141813Z-cd177d74	?	?	file	405	1775d4efac578b449f1d27559221ddae48de4f6fa630ca5080003bd2b2bd4853					packages/protocol/events/v1/fixtures/history.result.json
B1-20260723T141813Z-cd177d74	?	?	file	3976	e362d6fc5a8a5e4173433adbe4ca817d273d7b87577e600dcb5e5cd0d640d252					packages/protocol/events/v1/fixtures/index.json
B1-20260723T141813Z-cd177d74	?	?	file	461	a0a71a960c1e2eec585fd84e44d150cc3e2150fa5b26f9880caa26b78fcede84					packages/protocol/events/v1/fixtures/rename_coerce.call.json
B1-20260723T141813Z-cd177d74	?	?	file	718	f8ec919440bc93fe70f24cab963bfb3884cead16e1f6b916d8c171b466889e60					packages/protocol/events/v1/fixtures/rename_coerce.result.json
B1-20260723T141813Z-cd177d74	?	?	file	10425	adcbf6ca0328e54623ef7e18ef8a01ceb12c2b04816ca405177d8a53c71e1d90					packages/protocol/events/v1/result.schema.json
B1-20260723T141813Z-cd177d74	?	?	file	30507	6834e0827317f5c01d533a40a958f0043f8ec1b7a2bd532f87fe1ceb21c60ce0					packages/protocol/events/v1/spec.md
B1-20260723T141813Z-cd177d74	?	?	file	14578	93c39935d46879c25730fdf21c0bce5b0868b43418ed07949d742a043c5e419b					packages/protocol/events/v1/validate.py
B1-20260723T141813Z-cd177d74	 	M	file	4777	089c6a491eb55d0086b07682e2b68b6e506143011c084e2e3581e3136d87a299	100644	3e64f58c4d3f94d388e93dccaa05591c7b5dd393	100644	3e64f58c4d3f94d388e93dccaa05591c7b5dd393	packages/py/citry/citry/__init__.py
B1-20260723T141813Z-cd177d74	 	M	file	3086	e22e0e0973813010ea9fc5860c88d7e6a3c16bf91960d68b8b7dd8dce2f6ecfa	100644	ac35ee9a33a7f2d2cca26358021c2eb58cf98a61	100644	ac35ee9a33a7f2d2cca26358021c2eb58cf98a61	packages/py/citry/citry/__main__.py
B1-20260723T141813Z-cd177d74	?	?	file	1876	3d97168731102ea6686c4e09dcefa9f83bdb71a55035dbd75f428ce54d4db107					packages/py/citry/citry/_class_introspection.py
B1-20260723T141813Z-cd177d74	?	?	file	9606	c1e6050a2344ca20b0a31916ed5608c1a35e392e0a1a48007b7d8472877d7e3b					packages/py/citry/citry/_component_introspection.py
B1-20260723T141813Z-cd177d74	?	?	file	16433	5b6508161418ff5f9449b571600b68e3e3b389bc9e7367420aca543ab73312e2					packages/py/citry/citry/_schema_introspection.py
B1-20260723T141813Z-cd177d74	 	M	file	14759	39efe8195afe149e6d28b257f8006b8999a057ad8273130b96426f2978a0450c	100644	e70c80cc0658b4b87b8ba3b31a83ad586022aefd	100644	e70c80cc0658b4b87b8ba3b31a83ad586022aefd	packages/py/citry/citry/assets.py
B1-20260723T141813Z-cd177d74	 	M	file	12428	5090e965959917f7edf25d3161ceaad02aca97d3e5f8b4b63e99caba23815cc6	100644	e8b788a781ea089ff7e29e965d773966a676f529	100644	e8b788a781ea089ff7e29e965d773966a676f529	packages/py/citry/citry/attrs.py
B1-20260723T141813Z-cd177d74	 	M	file	11872	93cdef2e567b725236e9b8dff44be249b18bd5287b24d3dbe717a6edfe8e0cd4	100644	fe7d95b188ab8dcc53389bf5ea44cc932ab608ec	100644	fe7d95b188ab8dcc53389bf5ea44cc932ab608ec	packages/py/citry/citry/autodiscovery.py
B1-20260723T141813Z-cd177d74	 	M	file	5665	3323e6629a34669b3c51421f17a7ec5a6febb18c9adf1c326ad99844a43ae624	100644	2981a7c3b4dcbe8c53c1208335d83070f7bcceac	100644	2981a7c3b4dcbe8c53c1208335d83070f7bcceac	packages/py/citry/citry/cache.py
B1-20260723T141813Z-cd177d74	 	M	file	53331	bc843c9fc3d3c2a5187b1be65a6e5eaa8b489d290fb510e9f63abd432d3edc19	100644	7d1c6a30f81aa87a52876570ed99624ef77cc43d	100644	7d1c6a30f81aa87a52876570ed99624ef77cc43d	packages/py/citry/citry/citry.py
B1-20260723T141813Z-cd177d74	 	M	file	6605	e5bf2255dd8a9738080837854a9df7c95586dc594eb6de9f2def74340c746816	100644	84dfd5d4b0271a79025366c05cc20cee5a5483f0	100644	84dfd5d4b0271a79025366c05cc20cee5a5483f0	packages/py/citry/citry/citry_context.py
B1-20260723T141813Z-cd177d74	 	M	file	6998	b8d2b38240aafec24f6b2155b647cec466e6fd6fc44fe5aabc15a0b4d69e8ca0	100644	074ab92c949493157de82fb487384f7c470149d7	100644	074ab92c949493157de82fb487384f7c470149d7	packages/py/citry/citry/citry_element.py
B1-20260723T141813Z-cd177d74	 	M	file	17382	5d3647affbb6fec591ec9d38e13bc8be9ecadec3a19163a8b7da9aade3e826e0	100644	e7506b66af5c8ea989228052a48e77784a8818c7	100644	e7506b66af5c8ea989228052a48e77784a8818c7	packages/py/citry/citry/citry_render.py
B1-20260723T141813Z-cd177d74	?	?	file	4226	74ea51d2d1147085737a96c41b8d6b139a3582c48834b8f716c7b3b9a1247a53					packages/py/citry/citry/client_directives.py
B1-20260723T141813Z-cd177d74	 	M	file	11261	e28db0b0edbcc268c2ee3e0bc3cd2f1376fb753f3f6570491b7f01489e3084c9	100644	ff3dd0ee74506432b5b003403589b40271c33fd2	100644	ff3dd0ee74506432b5b003403589b40271c33fd2	packages/py/citry/citry/command.py
B1-20260723T141813Z-cd177d74	 	M	file	3206	a83df3023c4485fbc8fe7e14b70fb9f9482091f3f7b4582fd286d14b2025e67c	100644	3ab64b67f2b4828ab01eaa14661e45d056a7b26f	100644	3ab64b67f2b4828ab01eaa14661e45d056a7b26f	packages/py/citry/citry/commands/__init__.py
B1-20260723T141813Z-cd177d74	?	?	file	803	23a16a9a4a8c4b623d31e3630ed57fc188dc824a58ece7629596d86a48c2a4be					packages/py/citry/citry/commands/inspect.py
B1-20260723T141813Z-cd177d74	 	M	file	2410	a2f7696045654365060ce5c32011d5036f55eca5bb6372389b02596b39c3fe1f	100644	59f1d5bc253661f1d9b6c19992f92c8a3169b41c	100644	59f1d5bc253661f1d9b6c19992f92c8a3169b41c	packages/py/citry/citry/commands/list.py
B1-20260723T141813Z-cd177d74	 	M	file	42421	74a201869637163ccd076340ef8f4a7531c0924bec12aa54ebe0ee97892cafb8	100644	5ae08a80bd6a8c2f587e330c55f03cdb7c813202	100644	5ae08a80bd6a8c2f587e330c55f03cdb7c813202	packages/py/citry/citry/component.py
B1-20260723T141813Z-cd177d74	 	M	file	13145	e21c2bdb3741ac7df414dd95ffa61369d54c789ebc025858adf81ebe1943bf2e	100644	42c5ec01b05a2f1e64880924975ba3386439c838	100644	42c5ec01b05a2f1e64880924975ba3386439c838	packages/py/citry/citry/component_registry.py
B1-20260723T141813Z-cd177d74	 	M	file	71261	fda043adc900dba32fdc5de864375dd26f272ae83ba9099aec04cc12230e02f1	100644	dee1b3fd227c5e0c6f5cb1bb8de13b0d67f40ad5	100644	dee1b3fd227c5e0c6f5cb1bb8de13b0d67f40ad5	packages/py/citry/citry/component_render.py
B1-20260723T141813Z-cd177d74	 	M	file	1458	4b40dee89fa9a16a1cf819b2aacfcce5d9f2890e495862339798183adb916275	100644	4d35c8d7de73786233c76040ed19b4589cfa5dd2	100644	4d35c8d7de73786233c76040ed19b4589cfa5dd2	packages/py/citry/citry/components/__init__.py
B1-20260723T141813Z-cd177d74	?	?	file	1498	4176929b73cb1065e88bb9e0144d76f9f9bcff3c7719e4740ccea2389bab30ae					packages/py/citry/citry/components/cache.py
B1-20260723T141813Z-cd177d74	 	M	file	10350	77aaf65e99c358abf1b4d952d79983a06fa5965165157f2f4817010b8214c3d6	100644	d733d20387bc1a20edf48bdeb1781a591ba3a8d5	100644	d733d20387bc1a20edf48bdeb1781a591ba3a8d5	packages/py/citry/citry/components/dynamic.py
B1-20260723T141813Z-cd177d74	 	M	file	3925	b72c8493887ad5f3041e0c5f1894bbbd211750b026ee522d3b8dd01b065d1e89	100644	4d0d2c0ddb84fe1362af4dbb59cac0a15ee5a3af	100644	4d0d2c0ddb84fe1362af4dbb59cac0a15ee5a3af	packages/py/citry/citry/components/error_fallback.py
B1-20260723T141813Z-cd177d74	 	M	file	3091	99e7884a58e1a0815bdd25d0558060e24686325ac48a3afaa9996b9837a5e042	100644	9942578e30061758897951a2b24437bb3e8a2cd1	100644	9942578e30061758897951a2b24437bb3e8a2cd1	packages/py/citry/citry/components/js_css.py
B1-20260723T141813Z-cd177d74	 	M	file	2062	7b345cb4e848adccc8f0e73e89437d3c241a3d3fb1e3382bb009793d04934df8	100644	b9a2eeab5981ff4aa179f5f4198ec709ee4bb073	100644	b9a2eeab5981ff4aa179f5f4198ec709ee4bb073	packages/py/citry/citry/components/provide.py
B1-20260723T141813Z-cd177d74	 	M	file	86	75edc5b7d2b787bf1a43786cab41a92feb88838f3ec45b00ada9f0428a3bfe85	100644	498464d60e7117e512b13d7c53cec58fafcc1ef9	100644	498464d60e7117e512b13d7c53cec58fafcc1ef9	packages/py/citry/citry/constants.py
B1-20260723T141813Z-cd177d74	 	M	file	42770	b535d293769bd72aff73bd015f781994179ed5d5d5b8735e441a65361957dcc5	100644	ca155817910fdc926506111ce918e6839c1d9ea7	100644	ca155817910fdc926506111ce918e6839c1d9ea7	packages/py/citry/citry/constness.py
B1-20260723T141813Z-cd177d74	 	M	file	9243	59632e30eb74a7069e34d689e4b2cd1105f9de5c3dacfe8e7b88c6d13054410b	100644	bdd64bba0076fd867f0617c64d1f2318f4e1beac	100644	bdd64bba0076fd867f0617c64d1f2318f4e1beac	packages/py/citry/citry/contrib/asgi.py
B1-20260723T141813Z-cd177d74	 	M	file	3192	f05ee5d74112a6c309f1ac489d14c1e4d2c65bc0dc045e4aac9202925e65c204	100644	e0a2864c0dd82ed0548a5ea9ca421418a25a9bef	100644	e0a2864c0dd82ed0548a5ea9ca421418a25a9bef	packages/py/citry/citry/contrib/caches.py
B1-20260723T141813Z-cd177d74	 	M	file	12177	2f009e166c72da38814b164dbc81c06e826f076c8ccbbb795e74ddf8a9cd03ed	100644	f94fa40b3e82f317a368b550e08e18b5ac19b890	100644	f94fa40b3e82f317a368b550e08e18b5ac19b890	packages/py/citry/citry/contrib/django.py
B1-20260723T141813Z-cd177d74	 	M	file	483	d5d0ecde2d9b424e14a0484ffc203d9f2c35db60b66e0de6eb9401390104fdf9	100644	b6051d2944d85a5fc609d1c6b24c35e7d53f8d40	100644	b6051d2944d85a5fc609d1c6b24c35e7d53f8d40	packages/py/citry/citry/ext/__init__.py
B1-20260723T141813Z-cd177d74	?	?	file	417	9bf2ce64f6f9773afa6553a2e80164888a26735931181b8e643d97909de5babc					packages/py/citry/citry/ext/cache/__init__.py
B1-20260723T141813Z-cd177d74	?	?	file	2955	6e3493b98a43a16a77f7ceb9618b44dc0c96c893c3ac1b478ac131ef0b16da28					packages/py/citry/citry/ext/cache/_introspection.py
B1-20260723T141813Z-cd177d74	?	?	file	27440	dc75c6e1aa271e18c5a858fb703056cc3922f42b7cc640aa68d61bd6e970a7ca					packages/py/citry/citry/ext/cache/artifact.py
B1-20260723T141813Z-cd177d74	?	?	file	4956	aeaa19162f1bc0325fc1afe84c5ee6c360be81fd1e896135d5bb4b0d631703a0					packages/py/citry/citry/ext/cache/config.py
B1-20260723T141813Z-cd177d74	?	?	file	1963	dc390030c4aec9a9d5a5469c297358104f125cc07c139365f441bfa689183abe					packages/py/citry/citry/ext/cache/errors.py
B1-20260723T141813Z-cd177d74	?	?	file	24202	cd711ef83c0f8111b4affb546c1bfc462b265d6ac80d84e80d39fc6fd41c7edc					packages/py/citry/citry/ext/cache/extension.py
B1-20260723T141813Z-cd177d74	?	?	file	16009	909c72e7e2c11ceab6f26f42e41abec78569b48a5b92fecb8808e35f2ee30dd5					packages/py/citry/citry/ext/cache/keys.py
B1-20260723T141813Z-cd177d74	?	?	file	1428	66be053f4dc6e41e3d34f241f6d1a38cce676c18dfd9d8dcdd328356316a1b08					packages/py/citry/citry/ext/cache/limits.py
B1-20260723T141813Z-cd177d74	?	?	file	85771	f6eefe522c487e9b817a3eb8d2f48018715bdf514d333dfad2e518faa4f9c7ed					packages/py/citry/citry/ext/cache/replay.py
B1-20260723T141813Z-cd177d74	?	?	file	11732	187eb4822ffa9b4d0ca97c88c5ad0386ad3b06b8ac499862659ad8d0e54ab853					packages/py/citry/citry/ext/debug.py
B1-20260723T141813Z-cd177d74	 	M	file	2092	ddb8f007448811c5ace552ee105ca2c0af37e4cf468a8f8d9a317bfd00f12cb6	100644	aae8e8f6204168be86d8cee950ce02f71a9bca8b	100644	aae8e8f6204168be86d8cee950ce02f71a9bca8b	packages/py/citry/citry/ext/dependencies/__init__.py
B1-20260723T141813Z-cd177d74	 	M	file	250649	c091ffae38228d29dffe201f015ff27f60178396a3a5cad53819826e44cdb111	100644	2f3efa1301311cefc7fbac1a35e1a2076fa660bf	100644	2f3efa1301311cefc7fbac1a35e1a2076fa660bf	packages/py/citry/citry/ext/dependencies/client/citry.js
B1-20260723T141813Z-cd177d74	 	M	file	34132	198ce67a943ce3a62836f6d351857a351eb56c885b2d55eadd974061f7a5cd35	100644	3f72dc8e12509c8a009e337b510b112054788051	100644	3f72dc8e12509c8a009e337b510b112054788051	packages/py/citry/citry/ext/dependencies/emission.py
B1-20260723T141813Z-cd177d74	 	M	file	27720	ad38f2099f2364b39650c5909113bf6738fbf65ed8a93054af5a6acb6693c2fb	100644	95f4e951dafb0a82a63118c792c1075f3f80dd1c	100644	95f4e951dafb0a82a63118c792c1075f3f80dd1c	packages/py/citry/citry/ext/dependencies/extension.py
B1-20260723T141813Z-cd177d74	 	M	file	6322	98c9c1d1a91d320c33dff202aa8aa92b2f82949d8d789c25f2712050b0701577	100644	13a33de86cd1194e98dde80dfcb15eed006817cb	100644	13a33de86cd1194e98dde80dfcb15eed006817cb	packages/py/citry/citry/ext/dependencies/routes.py
B1-20260723T141813Z-cd177d74	 	M	file	16289	5b139fa15ac5813b29fac7cafc438e62d669f7b22a2053d88e9f2919a43bf5ef	100644	2d445092520e1e7396b1e6741204e3572baca881	100644	2d445092520e1e7396b1e6741204e3572baca881	packages/py/citry/citry/ext/dependencies/scripts.py
B1-20260723T141813Z-cd177d74	 	M	file	12181	7c2443668cbe36391136a3d08e3cf8be06762f2f6ec2d00db52fba2c7970a74a	100644	8ca1ca655ef764d5a4597fbaebe1d470c8422c6f	100644	8ca1ca655ef764d5a4597fbaebe1d470c8422c6f	packages/py/citry/citry/ext/dependencies/types.py
B1-20260723T141813Z-cd177d74	?	?	file	2462	3cf329efd84e5bbf60d4992dbaa297e9b9cf008b67a176aa3a1d88031514e264					packages/py/citry/citry/ext/events/__init__.py
B1-20260723T141813Z-cd177d74	?	?	file	7700	81bcc98599c8e941e687b165c3920ac4d769b2f14a212f8bf129698c9e8167ad					packages/py/citry/citry/ext/events/_introspection.py
B1-20260723T141813Z-cd177d74	?	?	file	17520	05782aedb0e3f56d5ca10604ff57992e1621ae497da44cca5f06b2229b5f968a					packages/py/citry/citry/ext/events/actions.py
B1-20260723T141813Z-cd177d74	?	?	file	43591	103a3b5b07a1d79b2c45a4c1495901c1b176e90382cdc55adc3f04fd699af66b					packages/py/citry/citry/ext/events/bindings.py
B1-20260723T141813Z-cd177d74	?	?	file	9047	5b16fdf081b054787558d4f89460f673b6c21b8f61ffaab85bd7cbf9e6ed41db					packages/py/citry/citry/ext/events/cache.py
B1-20260723T141813Z-cd177d74	?	?	file	267719	572d50f73870256c79467102573a367119233e376175728521687f7453184b80					packages/py/citry/citry/ext/events/client/citry-events.js
B1-20260723T141813Z-cd177d74	?	?	file	19128	3cc6cfca063f3002d925d5fcdf0b5659ac2ebca7296250bcac6ca1310c459d5c					packages/py/citry/citry/ext/events/codecs.py
B1-20260723T141813Z-cd177d74	?	?	file	2793	197ea80580735d135b8663a04d898a6afe75070ed96298abfcf85f0ba9e89e4e					packages/py/citry/citry/ext/events/config.py
B1-20260723T141813Z-cd177d74	?	?	file	5707	5192d47917ad60d5c491f48216b8f523f89227fa69f47ee4ef81ec03a6650d2e					packages/py/citry/citry/ext/events/csrf.py
B1-20260723T141813Z-cd177d74	?	?	file	54129	ad1c4dee4154eb2fc1445dd049663cd71649a9173429c4ccc44a4c3e952a1c41					packages/py/citry/citry/ext/events/dispatcher.py
B1-20260723T141813Z-cd177d74	?	?	file	15327	aaa27848475dbd1eb14d9a89272aedf9ee456cd8b6d6f55f595867e10c750429					packages/py/citry/citry/ext/events/emission.py
B1-20260723T141813Z-cd177d74	?	?	file	6185	381a7bd9abfa9832401f1ea3fdfe4de57a03727e3280ca7dbec75eddb2d14f3d					packages/py/citry/citry/ext/events/errors.py
B1-20260723T141813Z-cd177d74	?	?	file	30393	64faa77953e66be4c212d0eaba0b01d50a4a72f42250a18cf6920e4b1aa1f9f0					packages/py/citry/citry/ext/events/extension.py
B1-20260723T141813Z-cd177d74	?	?	file	4347	afb3a5b4c468ffc673587d911f184bfd06a96cc9772aad895d901ff95109bffc					packages/py/citry/citry/ext/events/files.py
B1-20260723T141813Z-cd177d74	?	?	file	25885	e67fd25cda0f4727824c1f02f339483ff7c772f5b21f4b8bbbf042ae21c08a2a					packages/py/citry/citry/ext/events/handlers.py
B1-20260723T141813Z-cd177d74	?	?	file	26898	656a36d03315488edd696ece57047898739668206c5cecb1eb1faed885f5eb28					packages/py/citry/citry/ext/events/openapi.py
B1-20260723T141813Z-cd177d74	?	?	file	16510	a029e7fb7bb40f3222418eae2bce368511d8ccd512a862c68dc9da679079f910					packages/py/citry/citry/ext/events/results.py
B1-20260723T141813Z-cd177d74	?	?	file	25005	7cb58c4eef643f64399e502ac238593d66ae1c1d4e1c9f2330c781cc61fe8356					packages/py/citry/citry/ext/events/routes.py
B1-20260723T141813Z-cd177d74	?	?	file	25997	9518d6f86f5bdf9fad8e9044d24ff6168a780f525df0851397048d87549c9aae					packages/py/citry/citry/ext/events/schemas.py
B1-20260723T141813Z-cd177d74	?	?	file	11713	7a974a3a4d70dc3b51410163a0ad5362cfc58137af3c21bc4e8c6205ee89e4cf					packages/py/citry/citry/ext/events/state.py
B1-20260723T141813Z-cd177d74	?	?	file	35711	f88c0ffe8593a956ed26158eb170c2e8b757700cb2abae6a78bc5025cabadce6					packages/py/citry/citry/ext/events/tokens.py
B1-20260723T141813Z-cd177d74	?	?	file	8273	756b6b0dd39d5cd96d3c13adb4ec32dd5da5264b481725642442681838074c0f					packages/py/citry/citry/ext/events/view_events.py
B1-20260723T141813Z-cd177d74	 	M	file	66877	13865af7c8dae2e5712cb63bdf4b453e4abbcba87ea65dbbd691bc4024953b4e	100644	e8e78ab23f3a5a0dd09eb6012e1f9f2108a32ebb	100644	e8e78ab23f3a5a0dd09eb6012e1f9f2108a32ebb	packages/py/citry/citry/extension.py
B1-20260723T141813Z-cd177d74	?	?	file	41065	e4d4c0688115bbd2ef7b2bbe4f7e707f4d47dc7beecb935cd624f67f3162d1b3					packages/py/citry/citry/introspection.py
B1-20260723T141813Z-cd177d74	?	?	file	4660	3ee7c5ab904718f47718e49286d84b058f45b500ac338e9dc921da04bb25f41c					packages/py/citry/citry/lifecycle.py
B1-20260723T141813Z-cd177d74	 	M	file	77826	f1368bf13ebd3db97b2535d14f181985b9c2faae778c6aa823b0a974bea3b174	100644	ab91daeddaf0df4c6cf72abff57fce7de66591e6	100644	ab91daeddaf0df4c6cf72abff57fce7de66591e6	packages/py/citry/citry/nodes/__init__.py
B1-20260723T141813Z-cd177d74	?	?	file	73348	a18ae37ec4ee14a5ac5bb60dad8eb8fb86a1934201ceb40887286a42b87d2cbf					packages/py/citry/citry/ownership.py
B1-20260723T141813Z-cd177d74	?	?	file	34963	bbf5a188bf1be27733cb24eee9c42bdd856594e0146ef27010306659fc53c2af					packages/py/citry/citry/ownership_manifest.py
B1-20260723T141813Z-cd177d74	 	M	file	11583	9c519dfda9e95b6433e290e491905c8a73c4a0e50993fa5925714d48c9ab6068	100644	48eb8ac09e18dc27539ac7185e78712e7dc6ddfa	100644	48eb8ac09e18dc27539ac7185e78712e7dc6ddfa	packages/py/citry/citry/reload.py
B1-20260723T141813Z-cd177d74	 	M	file	18758	704b041ff4daeb751418a52199d32ffd5817e14d59110a08a34a1e42e8fe18d9	100644	ef1832402ca4abd58f415136aa1214a56c41287f	100644	ef1832402ca4abd58f415136aa1214a56c41287f	packages/py/citry/citry/serialize.py
B1-20260723T141813Z-cd177d74	 	M	file	9106	d4fe08a7546c34e70cfdc43cd7f0b4aeae3e9ae1b15d889d5e3de15d034af680	100644	df4c5f83257246c41e6ab2e28b1bbe89a7c96059	100644	df4c5f83257246c41e6ab2e28b1bbe89a7c96059	packages/py/citry/citry/settings.py
B1-20260723T141813Z-cd177d74	 	M	file	12903	f234bca9f23c55cae4690b49b3319ac8c212cce9c73682159d291c0efb1b7808	100644	73a9422c26b8ecf8f8a57605c3a67c78f37e7cfb	100644	73a9422c26b8ecf8f8a57605c3a67c78f37e7cfb	packages/py/citry/citry/slots.py
B1-20260723T141813Z-cd177d74	 	M	file	4533	66f6b3768c2263f4b107143830fc6d94d7112472198ac2a7d46ce5168d069482	100644	d30aa3553b6784cda9c5ad4ed7de6e3e3fa05896	100644	d30aa3553b6784cda9c5ad4ed7de6e3e3fa05896	packages/py/citry/citry/tag_rules.py
B1-20260723T141813Z-cd177d74	 	M	file	3910	905826f3f7fc8f567de10c7b685ebfa3c6a79a6ad78fd1c75ed39c8fb4f8247f	100644	463f209d6c2b33dd96fa9ef21c9466099ec54d63	100644	463f209d6c2b33dd96fa9ef21c9466099ec54d63	packages/py/citry/citry/util/id.py
B1-20260723T141813Z-cd177d74	 	M	file	7335	f9934d3d9e09a1733d46b727c40855a28916d656396c6d72d920532eae37a5ae	100644	f8644a636fd223b38592a61c6ae9af5ae7f0bb99	100644	f8644a636fd223b38592a61c6ae9af5ae7f0bb99	packages/py/citry/citry/util/misc.py
B1-20260723T141813Z-cd177d74	 	M	file	11531	27a70f4f5f30bc7bcdbc273ddfe2597e074479ee48af5c62a639cade45d3f45a	100644	94fc19b7c6ea76e0e375ceef9a1117c41909841a	100644	94fc19b7c6ea76e0e375ceef9a1117c41909841a	packages/py/citry/citry/util/routing.py
B1-20260723T141813Z-cd177d74	 	M	file	3965	5cc960ef3ff7f2813492e18caeefeeb42e6cc01d2c63d9ffd1aa20a71ed408af	100644	e8c899dc9d2729c02f4d8a060a7bd4d830d981ab	100644	e8c899dc9d2729c02f4d8a060a7bd4d830d981ab	packages/py/citry/pyproject.toml
B1-20260723T141813Z-cd177d74	 	M	file	2172	c1e0fa8686a205743070245afaf782c6b75fbb83741eaf8af8da99fec67e504d	100644	cd1565a1844863dc030ea204aac664a5c41b3d1a	100644	cd1565a1844863dc030ea204aac664a5c41b3d1a	packages/py/citry/tests/conftest.py
B1-20260723T141813Z-cd177d74	?	?	file	43265	c3e11950a67fb3c1eaa3577bc90e9e628b7722c5a8152bd4e15eca01ec4d54e9					packages/py/citry/tests/e2e/test_alpine_atomic_morph_e2e.py
B1-20260723T141813Z-cd177d74	?	?	file	29711	02ef5c8e2b2a652c4bf4d39127c89bd6ad1470f887ebd7bafae04e666e10c8ab					packages/py/citry/tests/e2e/test_alpine_boundary_contract_e2e.py
B1-20260723T141813Z-cd177d74	?	?	file	11670	4a12457d463f840c8dea2775bb0dacbf090bd671d409731a8a3f72cfa431c6b7					packages/py/citry/tests/e2e/test_alpine_conformance_e2e.py
B1-20260723T141813Z-cd177d74	?	?	file	25860	0cb8854c61addd74baf771f5b52a093184017ad1b7e32f4870a9419182281c08					packages/py/citry/tests/e2e/test_alpine_lifecycle_e2e.py
B1-20260723T141813Z-cd177d74	?	?	file	61108	72c61dd23e49a3e19ed947a16404df1c0f95488f839bbb5ac6cc1f631756245f					packages/py/citry/tests/e2e/test_alpine_root_shapes_e2e.py
B1-20260723T141813Z-cd177d74	?	?	file	31667	921d61f14bf121c286988a48c34f448ca3699c5039c04e6916b23c6bfb9275fb					packages/py/citry/tests/e2e/test_alpine_slot_scope_e2e.py
B1-20260723T141813Z-cd177d74	?	?	file	40206	f9b230dd08abc1a1c5f25b50888ffd02bda2a15b34fc2c85adedbd1a3ab00e29					packages/py/citry/tests/e2e/test_alpine_structural_e2e.py
B1-20260723T141813Z-cd177d74	?	?	file	10466	e4db68ddcb6f81987efcfb0b82d5e9429812f23394ce71bb39f384723b7afe4e					packages/py/citry/tests/e2e/test_cache_replay_e2e.py
B1-20260723T141813Z-cd177d74	 	M	file	14645	f8784c3da418ce8dfe4606e7046e39c03e8068d7ac4bf6c0c648478ff61dc116	100644	c417ff7889d6fe413b7600d5089edeefd09b208b	100644	c417ff7889d6fe413b7600d5089edeefd09b208b	packages/py/citry/tests/e2e/test_document_e2e.py
B1-20260723T141813Z-cd177d74	?	?	file	79305	7960fe1cc7b7d228be6cde335251444efbcb0c1edbd98d7697f13ef9ee7a093a					packages/py/citry/tests/e2e/test_events_applier_e2e.py
B1-20260723T141813Z-cd177d74	?	?	file	37703	6c5bb72ef97c253acd5ce92c7d890ae804d4364b0fb4d9426b76af7f173f23c8					packages/py/citry/tests/e2e/test_events_bindings_e2e.py
B1-20260723T141813Z-cd177d74	?	?	file	52672	433ec9bdf8123bac0eca97d5178cfe0048d81c39f2d3b1fa7acc963e6d787d31					packages/py/citry/tests/e2e/test_events_client_e2e.py
B1-20260723T141813Z-cd177d74	?	?	file	4907	4dc946cad0b618da02cc3e3c2a0f6a88479a6b1fb37a40cea65d967537419fde					packages/py/citry/tests/e2e/test_events_form_submission_port_e2e.py
B1-20260723T141813Z-cd177d74	?	?	file	36704	016bea1de9ae6aba447e01df0cffbdc2ed2e55e5153dc8102658827edb431716					packages/py/citry/tests/e2e/test_events_forms_e2e.py
B1-20260723T141813Z-cd177d74	?	?	file	4087	75805eb85ec416a3a964f7077bbeaf583f63a4e15a753ca8a017148864da1741					packages/py/citry/tests/e2e/test_events_fragments_port_e2e.py
B1-20260723T141813Z-cd177d74	?	?	file	11553	dde7f7cb9bbb2ad64f03913f789752df4dbbcd60d9063eeab858cc4ef84ef8ce					packages/py/citry/tests/e2e/test_events_pitch_e2e.py
B1-20260723T141813Z-cd177d74	?	?	file	53215	f04e2e1db891014c9c1a94d401ec9c059283b61861ac48598f9046af49689ba4					packages/py/citry/tests/e2e/test_events_queue_e2e.py
B1-20260723T141813Z-cd177d74	?	?	file	50871	59f199aaf1c7aea8ad99b0ff804f1ba9741f4996584885111a8ed7a9b77bd927					packages/py/citry/tests/e2e/test_events_transport_e2e.py
B1-20260723T141813Z-cd177d74	?	?	file	1835	eda95ee44d487e97ceb3394e5f8d2b53750b24d924d230359c8c62ea1a61fae9					packages/py/citry/tests/e2e/test_ext_debug_e2e.py
B1-20260723T141813Z-cd177d74	 	M	file	10220	d07b75682cb0336180b423554280e638c6478706332ff0ed6a4c68aed1173f8d	100644	2fcdd44d11888391938262a8cabec391241c4bad	100644	2fcdd44d11888391938262a8cabec391241c4bad	packages/py/citry/tests/e2e/test_fragment_e2e.py
B1-20260723T141813Z-cd177d74	?	?	file	33831	09311ce34d04535a25dd452002503de3759baa62cc30898720a507a1be00117d					packages/py/citry/tests/e2e/test_ownership_manifest_e2e.py
B1-20260723T141813Z-cd177d74	?	?	file	60169	2cee46e4ccd0864ded308c775adfb5ca28c7e0165fcf55d229dce3d95886aa61					packages/py/citry/tests/e2e/test_runtime_e2e.py
B1-20260723T141813Z-cd177d74	 	M	file	28883	df8d159bbf887cbe410ddfc99e61afb854d8e8f82c9d2098c4f1de063b024ccd	100644	45b4bb0bc411211e9e5b3442ce737864bfd5cc47	100644	45b4bb0bc411211e9e5b3442ce737864bfd5cc47	packages/py/citry/tests/test_assets.py
B1-20260723T141813Z-cd177d74	 	M	file	10855	19e5b66ba81fca27eb40394ba2a7f76b565518d455775a80956dd975ba7b747a	100644	0a64d85b2792cc67dedc2a12743d297fc37114aa	100644	0a64d85b2792cc67dedc2a12743d297fc37114aa	packages/py/citry/tests/test_attrs.py
B1-20260723T141813Z-cd177d74	?	?	file	18523	687d1bebc75880d8dd55dd431e7900b85a085c2777de33acc10734702b1c7559					packages/py/citry/tests/test_attrs_template.py
B1-20260723T141813Z-cd177d74	 	M	file	33312	122786fb6d6682a07a0b0faa3cc9e5398a05f67a5e274ac7ee3f70620f83cd31	100644	8fb6552680f989e593aeeb3d86ab5b089166a474	100644	8fb6552680f989e593aeeb3d86ab5b089166a474	packages/py/citry/tests/test_autodiscovery.py
B1-20260723T141813Z-cd177d74	 	M	file	5528	3091f90c06eb1df8650b9b9c516974580ab11923f412f57f06f7feea95a53740	100644	dd1e9c40a24c90b5bdaacb41ff94b194c10b5976	100644	dd1e9c40a24c90b5bdaacb41ff94b194c10b5976	packages/py/citry/tests/test_cache.py
B1-20260723T141813Z-cd177d74	 	M	file	10304	ed311678d13777d8fd259658a75fbffac55602bd6f05fe42529c1c5c7c071758	100644	ddbc996e2f156d9c27492aa01626e7e034970131	100644	ddbc996e2f156d9c27492aa01626e7e034970131	packages/py/citry/tests/test_citry.py
B1-20260723T141813Z-cd177d74	 	M	file	5149	6a24335bf74564884550e19c3db61a398abb9871bdf7669111420dcbe67dc581	100644	f8e3871481538edaf475a9adc731b5200f3a25ad	100644	f8e3871481538edaf475a9adc731b5200f3a25ad	packages/py/citry/tests/test_class_id.py
B1-20260723T141813Z-cd177d74	 	M	file	20233	11665d79035ce3ec1baaa128b0ce50d00353315c385233bde085497b8c3d68ac	100644	42c581514be57be5591b217f70928a806e0efb4d	100644	42c581514be57be5591b217f70928a806e0efb4d	packages/py/citry/tests/test_cli.py
B1-20260723T141813Z-cd177d74	?	?	file	7588	3127b045d2d6cdb38d6e56cf68169841d5802550426c83786160ed06a11a55fa					packages/py/citry/tests/test_client_graph_protocol_package.py
B1-20260723T141813Z-cd177d74	?	?	file	2122	8cf34e9b483e4f4dacb0f2071698d3ab70c38465629f4a73473a3b3de865fe56					packages/py/citry/tests/test_client_performance_payload.py
B1-20260723T141813Z-cd177d74	?	?	file	11613	2f9cbf50f97d108ca8a0fa622bc4f5f981199262a0bfd0307594d00d53271202					packages/py/citry/tests/test_client_props_contract.py
B1-20260723T141813Z-cd177d74	 	M	file	34882	ecf2cde821759b09d93fa0e1117be95898b5b470ca22b5c1a5d9e830925cadca	100644	8958c98b10e93b54fc6687604b70db3ccc036833	100644	8958c98b10e93b54fc6687604b70db3ccc036833	packages/py/citry/tests/test_component.py
B1-20260723T141813Z-cd177d74	 	M	file	21960	2f809377a6bd2fde8a5d564719053df878e317c9cdf64c4d70538c83a13f92da	100644	931fc7b939d9af317c62425c20f774bdfb89496f	100644	931fc7b939d9af317c62425c20f774bdfb89496f	packages/py/citry/tests/test_component_dynamic.py
B1-20260723T141813Z-cd177d74	 	M	file	1158	7ee7893cd8a51effb9299083380c5f5ba585a3a07915b23defc00bae0a4214ff	100644	421896fa86fcdb3255d0849eb60befb776e2e59f	100644	421896fa86fcdb3255d0849eb60befb776e2e59f	packages/py/citry/tests/test_component_id.py
B1-20260723T141813Z-cd177d74	 	M	file	17814	848faf935e15c68c7723b343ca1fc055c960528c76df9a48590ac582b9d2cfc3	100644	6ffb8800b24c834dc3d60cd82a49012ba84b67b6	100644	6ffb8800b24c834dc3d60cd82a49012ba84b67b6	packages/py/citry/tests/test_component_node.py
B1-20260723T141813Z-cd177d74	 	M	file	29139	b5e9fd9066853a31c1c13a302a012ea4b9078b4d14d7cb60af753f225fe304c0	100644	ccd0fab1bde58a52dfd3c451a8104bf229d603bc	100644	ccd0fab1bde58a52dfd3c451a8104bf229d603bc	packages/py/citry/tests/test_component_registry.py
B1-20260723T141813Z-cd177d74	 	M	file	46604	76bd559106b6f2dce72cbd6a052332c26d0b3a240e14fe05a654b3216531e62c	100644	9ca549fdc1008e7a9370d3b713baa58cb6725789	100644	9ca549fdc1008e7a9370d3b713baa58cb6725789	packages/py/citry/tests/test_const.py
B1-20260723T141813Z-cd177d74	 	M	file	5883	e26f356fb9323c76ad17f84c10e643b80eb2fe7331c8a26f9084a5bf493965a9	100644	308880311f3dafcb13c7503db15759a21ce32814	100644	308880311f3dafcb13c7503db15759a21ce32814	packages/py/citry/tests/test_contrib_django.py
B1-20260723T141813Z-cd177d74	 	M	file	3756	771c331d1665bbc0710565c43c3b064c2c8c235c88eb81c880f0a90ab08aa703	100644	700e7541d3d0846505f1ac93e0115edab236b130	100644	700e7541d3d0846505f1ac93e0115edab236b130	packages/py/citry/tests/test_contrib_fastapi.py
B1-20260723T141813Z-cd177d74	 	M	file	8549	8a938d363bdd0b459abd782bc9e7bc667ed7f8455131bf8ece7c830d67b79bcd	100644	d9ff80783260950de68f08d66abe061f85617d0a	100644	d9ff80783260950de68f08d66abe061f85617d0a	packages/py/citry/tests/test_contrib_hosts.py
B1-20260723T141813Z-cd177d74	 	M	file	22226	77fbbb315c2e1756a6f1473b5e519fcb29d2facaa9f8d47294715e64f3c1785b	100644	1c6a9d5601bd3c4ecee7fb8f204465e0a351083d	100644	1c6a9d5601bd3c4ecee7fb8f204465e0a351083d	packages/py/citry/tests/test_contrib_request.py
B1-20260723T141813Z-cd177d74	 	M	file	7910	0c9009b358fe2bba009927ebaf70bd0d59542ecb4e8de0f06f56f79a8d0c32cc	100644	fdf2cfe99c5af95e02f77a5c9a20efd8584a0730	100644	fdf2cfe99c5af95e02f77a5c9a20efd8584a0730	packages/py/citry/tests/test_control_flow.py
B1-20260723T141813Z-cd177d74	?	?	file	1241	9d25f4013a66150ae97f955524d872ec5fe7b064bffba8f5012c7ed9190832a9					packages/py/citry/tests/test_control_flow_shorthand_errors.py
B1-20260723T141813Z-cd177d74	 	M	file	8437	c4e3862c1704238e89a444e8c9e1ee26f09aa38f9286192d4ef251d7e53f2f6e	100644	1aed1cbefb80340504784eaf242a0e625cac8e82	100644	1aed1cbefb80340504784eaf242a0e625cac8e82	packages/py/citry/tests/test_deferred_render.py
B1-20260723T141813Z-cd177d74	?	?	file	34807	9a07021743505af4a48b399470477121783e3bdd0f9213fd01671e26382823f7					packages/py/citry/tests/test_deps.py
B1-20260723T141813Z-cd177d74	 	M	file	30184	36287e0fd7a0017def90e8878844dd55de1bbd72b3a75221a818896ea1076e7b	100644	01d21acb5644304c05fdafb7578ec097879e1f72	100644	01d21acb5644304c05fdafb7578ec097879e1f72	packages/py/citry/tests/test_deps_emission.py
B1-20260723T141813Z-cd177d74	 	M	file	14229	c413a5ac348e184cd1374877ae74a2f3104f63fd949acdd9c6b7ad698588a4e8	100644	33eb745d110b6596dfed1149b637613f1ed4a23b	100644	33eb745d110b6596dfed1149b637613f1ed4a23b	packages/py/citry/tests/test_deps_fragments.py
B1-20260723T141813Z-cd177d74	 	M	file	5700	6a4cf973c138a4719177973b46b783474dd458a7dc9bd360ac0194be200db407	100644	a8b700c3fb63903e65e1c00ad6ed7034f059d28d	100644	a8b700c3fb63903e65e1c00ad6ed7034f059d28d	packages/py/citry/tests/test_deps_types.py
B1-20260723T141813Z-cd177d74	 	M	file	10041	5ec1a7925b1cbb5a191cae53e038a224d51c8f71323db5baff65c7c7c3438ca1	100644	23e0b9bd15e2c1adae04f5c483752352c32d1994	100644	23e0b9bd15e2c1adae04f5c483752352c32d1994	packages/py/citry/tests/test_deps_urls.py
B1-20260723T141813Z-cd177d74	 	M	file	19917	d94c5a4f7edd3d7568d1e9a72aae38d6463375aebeb8a58af8b281965f9f7e90	100644	7e73a0d8fc0f51d78434b4dc1219b872150d424e	100644	7e73a0d8fc0f51d78434b4dc1219b872150d424e	packages/py/citry/tests/test_deps_vars.py
B1-20260723T141813Z-cd177d74	 	D	missing		missing	100644	4dc194f27561b330af24685a4438f77c66c8ada7	100644	4dc194f27561b330af24685a4438f77c66c8ada7	packages/py/citry/tests/test_element_attrs.py
B1-20260723T141813Z-cd177d74	 	M	file	11496	630b96717798e0deaff655066bd925b03e637527eee4b1a58936880ce06bb0e3	100644	4bff2c0fd84a24906e225066130129b5e9cf7aaa	100644	4bff2c0fd84a24906e225066130129b5e9cf7aaa	packages/py/citry/tests/test_error_fallback.py
B1-20260723T141813Z-cd177d74	 	M	file	21505	f44dff8089b773e0f96ff3a3d680b34f7875a7c1837e1ba34d48cba8475fd28f	100644	a1f352d82e724f04dad212e396fea8b1af00d2e8	100644	a1f352d82e724f04dad212e396fea8b1af00d2e8	packages/py/citry/tests/test_error_trace.py
B1-20260723T141813Z-cd177d74	?	?	file	67676	7db35e11253c338fe9eb9ae68d8fa7e3a176060f7426302631cd7d965b3d0c54					packages/py/citry/tests/test_events.py
B1-20260723T141813Z-cd177d74	?	?	file	32794	48846b3e4b9cf6a7f0a6f3a7d5687e72ebe60c6b762fd18c932407c18d4c9454					packages/py/citry/tests/test_events_actions.py
B1-20260723T141813Z-cd177d74	?	?	file	36100	4ec73c3c15b7ac090e5dcd671c6b02ba98e34da5804733e2b26d8e2b1ec4d8af					packages/py/citry/tests/test_events_bindings.py
B1-20260723T141813Z-cd177d74	?	?	file	8964	6f30fd6ced1239920c6d82a22577b15faf2c2cdeb3726580e04b04b819825346					packages/py/citry/tests/test_events_conformance.py
B1-20260723T141813Z-cd177d74	?	?	file	49058	2dc7131fe74209ff13b7002a24a92425acf2fd69de62234b3314cbdbae5b9e8b					packages/py/citry/tests/test_events_dispatch.py
B1-20260723T141813Z-cd177d74	?	?	file	12710	14f16a6c41848e052450bd47c32c50ecf8ac9416d2e74fe2006a298ee7ae9cb1					packages/py/citry/tests/test_events_django.py
B1-20260723T141813Z-cd177d74	?	?	file	18554	da4fa78b875795a298de42670017a595441cdfb5c918ee7f184c32b6cd947a7e					packages/py/citry/tests/test_events_emission.py
B1-20260723T141813Z-cd177d74	?	?	file	13696	25aa3e237bb9575f7ad299a8cf452dc1468e3d5aac730699dfd55569f2574cbe					packages/py/citry/tests/test_events_host_parity.py
B1-20260723T141813Z-cd177d74	?	?	file	36591	f4bd2c3546e8f344d461894de2c79fe0bad800d10242a15178c8722739e94a50					packages/py/citry/tests/test_events_openapi.py
B1-20260723T141813Z-cd177d74	?	?	file	7538	63c31b03841252ee943d1c4e7610a8e7267c712a67ddfa13558778cf53c66c1d					packages/py/citry/tests/test_events_protocol_package.py
B1-20260723T141813Z-cd177d74	?	?	file	63911	0f3d01b425fed2467ea01bb5d5e2876b00314b9f225a5705e172256b05b1becb					packages/py/citry/tests/test_events_routes.py
B1-20260723T141813Z-cd177d74	?	?	file	38544	704d1d4234a633a2b35cdba88faa980bf86a8dd9b8138dbd43d5eadf56d982b5					packages/py/citry/tests/test_events_schemas.py
B1-20260723T141813Z-cd177d74	?	?	file	40745	87b9b7a27aeb1fce702165bf2e25accb02fb9f873e758830b59bc509195b4dfb					packages/py/citry/tests/test_events_tokens.py
B1-20260723T141813Z-cd177d74	?	?	file	2712	4291bb07ffdd1aae4a5b60cdfaf52833b5f55647bc8b30aad4ec04ca073bfd69					packages/py/citry/tests/test_events_typing.py
B1-20260723T141813Z-cd177d74	?	?	file	12676	f6b09a84116d1e7a517f4b58a4cf2e68e788e9db15f04dfc211bcd684d26f4a2					packages/py/citry/tests/test_events_view_events.py
B1-20260723T141813Z-cd177d74	?	?	file	20097	09c34826e99c70f43731b367a1619c55d199d2125e8d2d024404764ef70bb851					packages/py/citry/tests/test_ext_cache.py
B1-20260723T141813Z-cd177d74	?	?	file	20100	8e97d817b8178da64f221b1488d4d03445cab8619a2d8f1d8d2437e826df17c3					packages/py/citry/tests/test_ext_cache_artifact.py
B1-20260723T141813Z-cd177d74	?	?	file	36864	298d55287cc512ddf9231e00e0cf3c5a2b7d5de9aad4f60cbccea5becdfc0d54					packages/py/citry/tests/test_ext_cache_component.py
B1-20260723T141813Z-cd177d74	?	?	file	27367	4e6b7d40b6cfc91ed837189482f45a1923ee2cccbb64b972074a895f6fe5e514					packages/py/citry/tests/test_ext_cache_fragment.py
B1-20260723T141813Z-cd177d74	?	?	file	7371	9982254eb333a87d6657b385322da29c858c2731ca39097f75638a0e46042223					packages/py/citry/tests/test_ext_cache_introspection.py
B1-20260723T141813Z-cd177d74	?	?	file	47316	7c1d0281fd267a10e0dac124484efb131c40e0987b6194eb805a58dae248dac5					packages/py/citry/tests/test_ext_cache_replay.py
B1-20260723T141813Z-cd177d74	?	?	file	22268	65d586dae7d22bde41ec67efba92106836f21abc1f09aac2ae85ccb267332448					packages/py/citry/tests/test_ext_debug.py
B1-20260723T141813Z-cd177d74	 	D	missing		missing	100644	9b020dcecc209690108101f84d7e8f0c042c223c	100644	9b020dcecc209690108101f84d7e8f0c042c223c	packages/py/citry/tests/test_ext_dependencies.py
B1-20260723T141813Z-cd177d74	 	M	file	29188	fee66e1f3a69c1d46034c6f83ceac0f9ea0d39066b5b1248d4a468594759600e	100644	47f5b1f40bcd279745bc7f387936930be83f5368	100644	47f5b1f40bcd279745bc7f387936930be83f5368	packages/py/citry/tests/test_extension.py
B1-20260723T141813Z-cd177d74	 	M	file	3236	47e02e7c6ab8ad3858d373657a3cc43c749ea469dc2ef50d3a37a3bcf979c98a	100644	d1a2301890d11240691293c3273e14e0d1899050	100644	d1a2301890d11240691293c3273e14e0d1899050	packages/py/citry/tests/test_id_generator.py
B1-20260723T141813Z-cd177d74	?	?	file	110684	c34a1782155bc07fcc58d9470481fd4eec417dbff587843e81c99c8dc3ca9252					packages/py/citry/tests/test_introspection.py
B1-20260723T141813Z-cd177d74	?	?	file	12106	bf807951b7b10542840b1e4b37579ac3ebd2efa77d51a04cc305eca391b473f6					packages/py/citry/tests/test_meta_attrs.py
B1-20260723T141813Z-cd177d74	 	M	file	8705	5485bd94c4a4146d2b6def8007385edb03d6d58641a4c446282911d1ebb3f81f	100644	c5448992a50df25ad73f449cab4045a9b48dfbb4	100644	c5448992a50df25ad73f449cab4045a9b48dfbb4	packages/py/citry/tests/test_nodes.py
B1-20260723T141813Z-cd177d74	 	M	file	20267	f58e0c7c82b6cabb5ae5aa69f763a6ef41e15f06ce85824c81053040bfcbc4c2	100644	f44634c7c9864b48527a8b333e70e9d8d0a69a2e	100644	f44634c7c9864b48527a8b333e70e9d8d0a69a2e	packages/py/citry/tests/test_on_render.py
B1-20260723T141813Z-cd177d74	?	?	file	53193	0f595cae39e6657912bceb698da4c47a0475b58cca619052b0968b1f3f459d60					packages/py/citry/tests/test_ownership.py
B1-20260723T141813Z-cd177d74	?	?	file	15941	5f726d64328872c4f11070e8bc0beeaf8a9a4cc01af6b23d2d8f2c10d6a7a651					packages/py/citry/tests/test_ownership_manifest.py
B1-20260723T141813Z-cd177d74	 	M	file	24769	dfe38c97f7dbce6e61dffdabdac010b87427b1a32d94925064c526a284f43d1b	100644	bd6072f06fee3c76c857cc9abe07c2fd593fd824	100644	bd6072f06fee3c76c857cc9abe07c2fd593fd824	packages/py/citry/tests/test_provide.py
B1-20260723T141813Z-cd177d74	 	M	file	6438	47fe2f4c4d6967d06f71b9a44a6eae147b8c76b1a11d0ea681621a18f568334a	100644	06d4593857b78f0a4f84e16ff41f4a4cbf61b822	100644	06d4593857b78f0a4f84e16ff41f4a4cbf61b822	packages/py/citry/tests/test_pydantic.py
B1-20260723T141813Z-cd177d74	 	M	file	23795	f60319d43e32a28137f9189551dc82c4ab5f2b7b1b1b9ebda5d81d33f58d7b08	100644	df5bdb9466493b355ea0c867efd78f0cc742fd16	100644	df5bdb9466493b355ea0c867efd78f0cc742fd16	packages/py/citry/tests/test_reload.py
B1-20260723T141813Z-cd177d74	 	M	file	7080	0a68a6bcb51dfe7417d937c81f2330ca79381dc3e29057c5d19665ebc85c2b84	100644	775a249ac3ce085ee2fbd633b6a45b3032644af1	100644	775a249ac3ce085ee2fbd633b6a45b3032644af1	packages/py/citry/tests/test_render.py
B1-20260723T141813Z-cd177d74	 	M	file	32945	40485070a4d99c16215446f1078c7d7f145b8b1a5fd1365d77fba023ee80fb1d	100644	0751eb5a2f6b28185b5b5c497ecbb22a2d162869	100644	0751eb5a2f6b28185b5b5c497ecbb22a2d162869	packages/py/citry/tests/test_slot_fills.py
B1-20260723T141813Z-cd177d74	 	M	file	25551	d0e69ef1535a60521aa6a3327d2f958b4751a228e87b6b170d736255f36de1e6	100644	072d5784d9c2dece6b7fb55f4bd017b84823fca1	100644	072d5784d9c2dece6b7fb55f4bd017b84823fca1	packages/py/citry/tests/test_slot_node.py
B1-20260723T141813Z-cd177d74	 	M	file	18578	8243fe0abad011989ecacdad3aa912d369100f5f6e35b3b8c831e36da63effa9	100644	bb5cb3a24f7c34b8d8f1597fa60252da802e99c4	100644	bb5cb3a24f7c34b8d8f1597fa60252da802e99c4	packages/py/citry/tests/test_slots.py
B1-20260723T141813Z-cd177d74	 	M	file	20155	f2e3b482aaef5467ad4c57f085d8a55179ede58389661bef09f46f71736e9a38	100644	0498c29abeea777a34450af6f2f88bece1629739	100644	0498c29abeea777a34450af6f2f88bece1629739	packages/py/citry/tests/test_tag_rules.py
B1-20260723T141813Z-cd177d74	?	?	file	2298	9e5478196c6f3edffc8919ca56842e1eb880dda5dc6e3669612ca95e25597627					packages/py/citry/tests/test_template_attr_fragments.py
B1-20260723T141813Z-cd177d74	 	M	file	14378	81d69a1f8ccd1bc94d41f999e8fb160808cd072b48256ca70c0101ebe68d6cf6	100644	44fac7ac0b0a1a3e8a643b700d6526c8d1b563fb	100644	44fac7ac0b0a1a3e8a643b700d6526c8d1b563fb	packages/py/citry/tests/test_template_globals.py
B1-20260723T141813Z-cd177d74	 	M	file	13730	da89ab28d0413cf3a107bf4af95ac6019e9baed7a6e0ba333e8fede4705e2403	100644	b8b33be7e568cec90733b0b2280d7d263e4513eb	100644	b8b33be7e568cec90733b0b2280d7d263e4513eb	packages/py/citry_core/citry_core/_rust.pyi
B1-20260723T141813Z-cd177d74	 	M	file	16275	47b52469d342d636a508f6fe19071d12d5f414358ad75142ec3dc5107467dde3	100644	ffdaab50b823b4172efdc5f172c6cd692ac1f1b1	100644	ffdaab50b823b4172efdc5f172c6cd692ac1f1b1	packages/py/citry_core/tests/test_template_parser.py
B1-20260723T141813Z-cd177d74	?	?	file	1063	2f3b6130f3c2726b56f0fc5d6a64c76843e78aefab77512a04914c9f4c7da83f					packages/py/citry_ui/LICENSE
B1-20260723T141813Z-cd177d74	?	?	file	846	8a791e302958dfe3de22e512f5cf110f2aa609586a04260041ff19bb2705b803					packages/py/citry_ui/README.md
B1-20260723T141813Z-cd177d74	?	?	file	541	33db0c0c43329e97e0ea262f5e1ac7b9a8c627b667d8d9ef1afcfd444f49c86c					packages/py/citry_ui/citry_ui/__init__.py
B1-20260723T141813Z-cd177d74	?	?	file	9078	3fb502d531e9b95ea5225ddc130943204c56145e0952075923eb8a1350e4a885					packages/py/citry_ui/citry_ui/_registration.py
B1-20260723T141813Z-cd177d74	?	?	file	548	5f2e0ea40a680e43c28d01cbe6f33416dc7dd386480d5cebf551edc520c83053					packages/py/citry_ui/citry_ui/assets/button.css
B1-20260723T141813Z-cd177d74	?	?	file	93	c8442b109a193d6f3c303b2af60009929c28208c46509319ab02499f0ea2a708					packages/py/citry_ui/citry_ui/assets/button.html
B1-20260723T141813Z-cd177d74	?	?	file	97	a20994e9b5542d6f2532f7758c7e98857f27b1f4b1c5598135100efb5f1d2dc9					packages/py/citry_ui/citry_ui/assets/button.js
B1-20260723T141813Z-cd177d74	?	?	file	1	01ba4719c80b6fe911b091a7c05124b64eeece964e09c058ef8f9805daca546b					packages/py/citry_ui/citry_ui/py.typed
B1-20260723T141813Z-cd177d74	?	?	file	1237	b39cb74719c98bc7f1b1d6e40e6377bffccb0fe31ebd8a706faa0b81dbb27741					packages/py/citry_ui/pyproject.toml
B1-20260723T141813Z-cd177d74	?	?	file	12947	6768bd234c2d8b8c930cf24f28b3980d7cee08fe4a1f0d30255662b8b0b2a85f					packages/py/citry_ui/tests/test_citry_ui_registration.py
B1-20260723T141813Z-cd177d74	?	?	file	909	da05f8015c19d20c18ad27cb4a0ba2189a9824b8eefbff153dc8a17b05c9c328					packages/py/citry_ui/tests/typing_contract.py
B1-20260723T141813Z-cd177d74	 	M	file	8384	348ea54f8435053f79044c61f9c207708131955dbdcd91f1842b2add41e5edc4	100644	eb0094d706ed87e0a1ffd26ef180c4c29639238d	100644	eb0094d706ed87e0a1ffd26ef180c4c29639238d	packages/py/pygments_citry/pygments_citry/citry_html.py
B1-20260723T141813Z-cd177d74	 	M	file	6632	5ee0c99d0a1fe6a1bf5d15aa4b2c374931f26d516f386551a07bd71ff43c236d	100644	7e1df2d2fc2c9cde2df3fe9c4cdf5e97b623bb6b	100644	7e1df2d2fc2c9cde2df3fe9c4cdf5e97b623bb6b	packages/py/pygments_citry/tests/test_citry_html.py
B1-20260723T141813Z-cd177d74	 	M	file	14022	ef67a0d3af80a7c82f6f7ccb94f70b15a5d9b5880151bbffb558f4cfa14a30c3	100644	9ef82ee97c51700aad33b9682986b3c462e53867	100644	9ef82ee97c51700aad33b9682986b3c462e53867	pyproject.toml
B1-20260723T141813Z-cd177d74	 	M	file	6662	71073ad56d91635bbc627eeeb4904affaa766dac562f9e3fbae0ad1f54a9b9a9	100755	b36f742b26693de1f86ab28dd11f315b75a77565	100755	b36f742b26693de1f86ab28dd11f315b75a77565	scripts/check.py
B1-20260723T141813Z-cd177d74	?	?	file	6986	ecde522dfc92bf175f5df2ce72f6eb4fad9989b43a368d383f30aab04bbc1ede					scripts/people.py
B1-20260723T141813Z-cd177d74	?	?	file	3233	235215057172a5d444750779585757b7d221af86ad225245ea8816a94295303f					scripts/vendor_djc_reference.sh
